-- MySQL dump 10.13  Distrib 5.7.21, for Linux (x86_64)
--
-- Host: localhost    Database: avistamiento
-- ------------------------------------------------------
-- Server version	5.7.21

/*!40101 SET @OLD_CHARACTER_SET_CLIENT=@@CHARACTER_SET_CLIENT */;
/*!40101 SET @OLD_CHARACTER_SET_RESULTS=@@CHARACTER_SET_RESULTS */;
/*!40101 SET @OLD_COLLATION_CONNECTION=@@COLLATION_CONNECTION */;
/*!40101 SET NAMES utf8 */;
/*!40103 SET @OLD_TIME_ZONE=@@TIME_ZONE */;
/*!40103 SET TIME_ZONE='+00:00' */;
/*!40014 SET @OLD_UNIQUE_CHECKS=@@UNIQUE_CHECKS, UNIQUE_CHECKS=0 */;
/*!40014 SET @OLD_FOREIGN_KEY_CHECKS=@@FOREIGN_KEY_CHECKS, FOREIGN_KEY_CHECKS=0 */;
/*!40101 SET @OLD_SQL_MODE=@@SQL_MODE, SQL_MODE='NO_AUTO_VALUE_ON_ZERO' */;
/*!40111 SET @OLD_SQL_NOTES=@@SQL_NOTES, SQL_NOTES=0 */;

--
-- Table structure for table `CasaReserva`
--

DROP TABLE IF EXISTS `CasaReserva`;
/*!40101 SET @saved_cs_client     = @@character_set_client */;
/*!40101 SET character_set_client = utf8 */;
CREATE TABLE `CasaReserva` (
  `IdCasaReserva` int(11) NOT NULL AUTO_INCREMENT,
  `IdCasa` varchar(50) DEFAULT NULL,
  `Folio` varchar(50) DEFAULT NULL,
  `TotalPersonas` varchar(50) DEFAULT NULL,
  `FechaVisita` timestamp NULL DEFAULT NULL,
  `FechaSalida` timestamp NULL DEFAULT NULL,
  `TotalCasas` int(11) DEFAULT NULL,
  PRIMARY KEY (`IdCasaReserva`)
) ENGINE=InnoDB AUTO_INCREMENT=8 DEFAULT CHARSET=latin1;
/*!40101 SET character_set_client = @saved_cs_client */;

--
-- Dumping data for table `CasaReserva`
--

LOCK TABLES `CasaReserva` WRITE;
/*!40000 ALTER TABLE `CasaReserva` DISABLE KEYS */;
INSERT INTO `CasaReserva` VALUES (1,'3','65','2','2017-06-24 05:00:00','2017-06-25 05:00:00',1),(2,'3','65','2','2017-06-24 05:00:00','2017-06-25 05:00:00',1),(3,'2','68','4','2017-07-01 05:00:00','2017-07-02 05:00:00',NULL),(4,'2','85','2','2017-07-29 05:00:00','2017-07-30 05:00:00',1),(5,'1','121','2','2017-07-01 05:00:00','2017-07-02 05:00:00',1),(6,'1','173','2','2017-07-29 05:00:00','2017-07-30 05:00:00',1),(7,'1','183','3','2017-07-29 05:00:00','2017-07-30 05:00:00',1);
/*!40000 ALTER TABLE `CasaReserva` ENABLE KEYS */;
UNLOCK TABLES;

--
-- Table structure for table `CasasCampana`
--

DROP TABLE IF EXISTS `CasasCampana`;
/*!40101 SET @saved_cs_client     = @@character_set_client */;
/*!40101 SET character_set_client = utf8 */;
CREATE TABLE `CasasCampana` (
  `idCasa` int(11) NOT NULL AUTO_INCREMENT,
  `FechaV` char(30) NOT NULL,
  `NumCasas` char(30) NOT NULL,
  `Disponibles` char(30) NOT NULL,
  `Capacidad` char(30) NOT NULL,
  `Costo` char(30) NOT NULL,
  PRIMARY KEY (`idCasa`)
) ENGINE=InnoDB AUTO_INCREMENT=4 DEFAULT CHARSET=latin1;
/*!40101 SET character_set_client = @saved_cs_client */;

--
-- Dumping data for table `CasasCampana`
--

LOCK TABLES `CasasCampana` WRITE;
/*!40000 ALTER TABLE `CasasCampana` DISABLE KEYS */;
INSERT INTO `CasasCampana` VALUES (1,'','6','6','5','120'),(2,'','2','1','4','120'),(3,'1','2','0','3','100');
/*!40000 ALTER TABLE `CasasCampana` ENABLE KEYS */;
UNLOCK TABLES;

--
-- Table structure for table `clien`
--

DROP TABLE IF EXISTS `clien`;
/*!40101 SET @saved_cs_client     = @@character_set_client */;
/*!40101 SET character_set_client = utf8 */;
CREATE TABLE `clien` (
  `id_client` int(11) NOT NULL AUTO_INCREMENT,
  `nombre` text,
  `firstname` text,
  `secondname` text,
  `email` text,
  `telephone` text,
  `notifications` bit(1) DEFAULT b'0',
  `registration_date` timestamp NOT NULL DEFAULT CURRENT_TIMESTAMP,
  `procedencia` text,
  `transporte` text,
  `enfermedad` text,
  `medicamento` text,
  `status` varchar(10) DEFAULT 'ACTIVO',
  PRIMARY KEY (`id_client`)
) ENGINE=InnoDB AUTO_INCREMENT=283 DEFAULT CHARSET=latin1;
/*!40101 SET character_set_client = @saved_cs_client */;

--
-- Dumping data for table `clien`
--

LOCK TABLES `clien` WRITE;
/*!40000 ALTER TABLE `clien` DISABLE KEYS */;
INSERT INTO `clien` VALUES (11,'Luz Del Carmen','Vazquez ','Yañez','luvaytravel@gmail.com','228-118-5621','\0','2017-06-09 02:03:34','Xalapa Ver.','Particular','','','ACTIVO'),(12,'Antonio ','Vallejo ','Vallejo','anthony-six@hotmail.com','553-676-9424','\0','2017-06-09 21:50:18',' CDMX','Particular','','','ACTIVO'),(13,'Alejandra','Nava',' ','transporte.aleni@gmail.com','554-593-5012','\0','2017-06-10 15:27:20',' ','Particular','','','ACTIVO'),(14,'TIP TOUR OPERADORA & DMC',' ',' ','sales@tiptours.mx','222-262-0912','\0','2017-06-10 16:28:10','','Particular','','','ACTIVO'),(15,'Alma Yadira','Martinez','Rendon','felixdiazsantos@gmail.com','14','\0','2017-06-10 17:29:23','','Particular','','','ACTIVO'),(16,'Carlos','Alberto','Ignacio','anbell_fcaunam@hotmail.com','551-379-5706','\0','2017-06-10 17:33:43','','Particular','','','ACTIVO'),(17,'Ivan  Agencia de Viajes Xalapa Ver.','Alarcon',' ','ryesxalapa@yahoo.com.mx','228-213-5054','\0','2017-06-10 17:48:01','','Particular','','','ACTIVO'),(18,'Adriana','Cuaya ','Cortés','acc27m@gmail.com','222-137-7982','\0','2017-06-10 18:04:29','','Particular','','','ACTIVO'),(19,'Juan Carlos','Valencia','Hernández','jvcarlos1308@gmail.com','241-137-6779','\0','2017-06-10 18:13:06','','null','','','ACTIVO'),(20,'Anabell',' Reynoso','Marin','anbell_fcaunam@hotmail.com','551-379-5706','\0','2017-06-10 18:17:03','','Particular','','','ACTIVO'),(21,'Liliana ','Castillo',' ','felixdiazsantos@gmail.com','20','\0','2017-06-10 18:33:28','','Particular','','','ACTIVO'),(22,'Gabriela','Espinoza',' ','felixdiazsantos@gmail.com','21','\0','2017-06-10 18:41:01','','Particular','','','ACTIVO'),(23,'Jesús','Flores','','felixdiazsantos@gmail.com','22','\0','2017-06-10 18:42:48','','Particular','','','ACTIVO'),(24,'Julio Fernando M',' Mondragon',' ','felixdiazsantos@gmail.com','24','\0','2017-06-10 18:45:00','','Particular','','','ACTIVO'),(25,'Diego','Camacho','','camachodiego03@gmail.com','553-582-5455','\0','2017-06-10 18:46:45','','Particular','','','ACTIVO'),(26,'Benito',' ',' ','felixdiazsantosgmail.com','25','\0','2017-06-10 19:06:37','','Particular','','','ACTIVO'),(27,'Beatriz Bustos','Bustos',' ','felixdiazsantos@gmail.com','26','\0','2017-06-10 19:25:38','','Particular','','','ACTIVO'),(28,'Itzel francisco Garcia','francisco Garcia','Garcia','felixdiazsantos@gmail.com','27','\0','2017-06-10 19:33:09','','Particular','','','ACTIVO'),(29,'Ana Laura Ramirez','Ramirez','','felixdiazsantos@gmail.com','28','\0','2017-06-10 19:39:50','','Particular','','','ACTIVO'),(30,'Maricela','Vargas','Mendez','mari_vmendez@hotmail.com','222-512-6642','\0','2017-06-10 19:43:02','','Particular','','','ACTIVO'),(31,'Cristian ','Aguilar ','Velazquez','pao_rox@hotmail.com','777-514-5590','\0','2017-06-10 19:46:42','','Particular','','','ACTIVO'),(32,'Gabriela ','Lopez ','Moran','gaby-shina@hotmail.com','229-907-1104','\0','2017-06-10 19:49:42','','Particular','','','ACTIVO'),(33,'Alaman Travel (Miguel Aguilar)','Aguilar','','alamantravel@hotmail.com','241-413-6822','\0','2017-06-10 20:00:24','','Particular','','','ACTIVO'),(34,'Grissel Darianeth ','Velazquez ',' Rosas','felixdiazsantos@gmail.com','33','\0','2017-06-10 20:09:56','','Particular','','','ACTIVO'),(35,'Juan Carlos','Valencia','Hernández','jvcarlos1308@gmail.com','241-137-6779','\0','2017-06-10 20:17:39','','Particular','','','ACTIVO'),(36,'Jonatan ','Isidro ',' Asiain','tibetprincess@hotmail.com','35','\0','2017-06-10 20:20:19','','Particular','','','ACTIVO'),(37,'Sandra ','Canales','','anbell_fcaunam@hotmail.com','551-379-5706','\0','2017-06-10 20:21:58','','Particular','','','ACTIVO'),(38,'Raquel','Ramirez','','anbell_fcaunam@hotmail.com','551-379-5706','\0','2017-06-10 20:23:37','','Particular','','','ACTIVO'),(39,'Elvira','Perez','','anbell_fcaunam@hotmail.com','551-379-5706','\0','2017-06-10 20:25:14','','Particular','','','ACTIVO'),(40,'Carlos Alberto ',' Ignacio','','felixdiazsantos@gmail.com','39','\0','2017-06-10 20:26:52','','Particular','','','ACTIVO'),(41,'ANTONIO ','JACOME','BARRERO','tonomxbra@gmail.com','222-668-4168','\0','2017-06-10 20:28:33','','Particular','','','ACTIVO'),(42,'Jose Ramon ','Martinez ','Luna','joseramoncp5@gmail.com','55 3071 7563','\0','2017-06-10 20:30:42','','Particular','','','ACTIVO'),(43,'Jorge Luis','Cano ',' Torres','jorgelcanot@gmail.com','42','\0','2017-06-10 20:32:23','','Particular','','','ACTIVO'),(45,'Valeria','Martinez','villareal','rp.puebla@tecreemos.com','224-604-506','\0','2017-06-12 19:51:50','puebla','Particular','','','ACTIVO'),(46,'Veronica','Fosado','Garcia','vefoga@gmail.com','442-226-3016','\0','2017-06-13 00:12:26','Queretaro','Particular','','','ACTIVO'),(47,'Mayra','Benitez','Flores','rpmayari@outlook.com','552-899-1819','\0','2017-06-13 18:21:35','cdmx','Particular','','','ACTIVO'),(48,'Antonio','Vallejo','Vallejo','rancholasoledad.nanacamilpa@gmail.com','5536769424','\0','2017-06-14 15:25:31','cdmx','Particular','','','ACTIVO'),(49,'Mariela','Morales','Ramirez','aleiram_0414@hotmail.com','797-106-8845','\0','2017-06-14 15:51:03','Puebla','Particular','','','ACTIVO'),(50,'Jose Ramon ','Martinez ','Luna','joseramoncp5@gmail.com','5530717563','\0','2017-06-14 21:35:08','CDMX','Particular','','','ACTIVO'),(51,'Rosa ','Isela ','Maldonado','isela_maldonado@hotmail.com','5535690826','\0','2017-06-15 16:12:49','CDMX','Particular','','','ACTIVO'),(52,'Carmen','Lopez','Jaimes','carmenlopezjaimes@gmail.com','5532605184','\0','2017-06-15 16:17:00','CDMX','Particular','','','ACTIVO'),(53,'Hector Manuel ','Angelino','','geoperezv@gmail.com','5585358593','\0','2017-06-16 02:23:13','Distrito Federal','Particular','','','ACTIVO'),(54,'Perla ','Rodriguez','Garcia','jonathanrg24@hotmail.com','5512687475','\0','2017-06-16 14:28:45','Edo. Mexico','Particular','','','ACTIVO'),(55,'Miguel ','Aguilar','','alamantravel@hotmail.com','2414183666','\0','2017-06-16 15:44:14','Apizaco','Particular','','','ACTIVO'),(56,'Tour Quetzal','','','tourquetzal@hotmail.com','5530700850','\0','2017-06-16 17:46:09','CDMX','Particular','','','ACTIVO'),(57,'Veronica','Fosado','Garcia','vefoga@gmail.com','4422263015','\0','2017-06-16 18:30:20','CDMX','Particular','','','ACTIVO'),(58,'Juan Carlos ','Valencia ','Hernandez','jvcarlos1308@gmail.com','2411376779','\0','2017-06-17 15:16:42','CDMX','Particular','','','ACTIVO'),(59,'Carlos ','Flores ','Solorzano','cflores.alturasegura@live.com','5510789773','\0','2017-06-17 20:33:37','CDMX','Particular','','','ACTIVO'),(60,'Pamela ','Monjarrez','Paramo','pmanjarrez@ciw.edu.mx','5543443622','\0','2017-06-17 20:54:37','CDMX','Particular','','','ACTIVO'),(61,'Yatsil','Hernandez ','Alvarez del Castillo','Yattsil@gmail.com','5568576283','\0','2017-06-18 23:45:15','CdMx','null','','','ACTIVO'),(62,'Alfonso','Reyes','Rodriguez','ponchh.01@gmail.com','5537330056','\0','2017-06-19 15:57:59','Toluca','Particular','','','ACTIVO'),(63,'Alma Leticia','Rebollo','Valdez','almalet77@hotmail.com','7221083185','\0','2017-06-20 18:19:02','Toluca','Particular','','','ACTIVO'),(64,'Jonatan','Hernandez','Perez','jonpekhp78@hotmail.com','2464635489','\0','2017-06-21 16:46:07','Tlaxcala','Particular','','','ACTIVO'),(65,'Miyossi Yasbeth','Almazan ','Moreno','miyossis_3@hotmail.com','78212183111','\0','2017-06-21 19:07:36','Poza Rica','Requiero transporte','','','ACTIVO'),(66,'Cinthia','Segura','','cinthia.segura@gmail.com','5566959652','\0','2017-06-21 20:43:35','CDMX','Particular','','','ACTIVO'),(67,'Diana','Hernandez','','hernandezdiana19@gmail.com','5534246045','\0','2017-06-21 22:01:22','CDMX','Particular','','','ACTIVO'),(68,'Geiovani de Jesus ','Vega ','Perez','gio_barcelona_4@hotmail.com','2224221265','\0','2017-06-21 22:23:35','Apizaco','Particular','','','ACTIVO'),(69,'Belinda','Taneco','','beliinda2295@gmail.com','2411351876.','\0','2017-06-22 17:54:54','Tlaxcala','Particular','','','ACTIVO'),(70,'America Nayeli','Martinez','Garduño','anmg@outlook.com','5526692118','\0','2017-06-23 01:41:17','CDMX','Particular','','','ACTIVO'),(71,'Daniel','Cuellar','Martinez','daniel_cue_17@hotmail.com','2461760130','\0','2017-06-23 15:45:11','CDMX','Particular','','','ACTIVO'),(72,'America','Cortez','','rancholasoledad.nanacamilpa@gmail.com','5537042380','\0','2017-06-23 16:43:01','CDMX','Particular','','','ACTIVO'),(73,'Paloma ','Gimenez','','rancholasoledad.nanacamilpa@gmail.com ','5532548140','\0','2017-06-23 16:48:35','CDMX','Particular','','','ACTIVO'),(74,'Arturo ','Leyva','Diaz','leyvart_007@hotmail.com','2464761621','\0','2017-06-23 17:14:33','Tlaxcala','Requiero transporte','','','ACTIVO'),(75,'Elizabeth','Guierrez','','eli_gvargas@hotmail.com','2461109969','\0','2017-06-23 18:51:48','Tlaxcala','Particular','','','ACTIVO'),(76,'Raquel','De La Vega','','raqueldelavega@hotmail.com','5518495858','\0','2017-06-23 18:58:30','CDMX','Particular','','','ACTIVO'),(77,'Maria de Lourdes','Santiago','Vazquez','malusan1316@gmail.com','2411607577','\0','2017-06-23 19:13:16','Puebla','Particular','','','ACTIVO'),(78,'Samuel','Gomez','Lopez','gmez.samuel@gmail.com','2441465351','\0','2017-06-24 18:08:01','Atlixco','Particular','','','ACTIVO'),(79,'Hector ','Muñoz','','gioma_75@hotmail.com','5513049525','\0','2017-06-24 20:01:31','CDMX','Particular','','','ACTIVO'),(80,'Diana','Roa','Rito','drr_010592@hotmail.com','5515075648','\0','2017-06-24 21:29:23','CDMX','Particular','','','ACTIVO'),(81,'Jorge','Peña','Enriques','njpe_10@hotmail.com','5544479611','\0','2017-06-24 22:31:59','CDMX','Particular','','','ACTIVO'),(83,'Denise ','Cabrera','Gutierrez','denise.cabrera@live.com.mx','4421706480','\0','2017-06-26 15:36:03','Queretaro','Particular','','','ACTIVO'),(84,'Ivan','Alarcon','','ryes.xalapa@yahoo.com.mx','2282135054','\0','2017-06-26 18:13:26','Xalapa','Particular','','','ACTIVO'),(85,'Blanca Estela ','Ramos','Rivera','blanca-ramos27@outllook.com','5528787505','\0','2017-06-27 16:48:49','Cuala','Particular','','','ACTIVO'),(86,'Maricela ','Vargas ','Mendez','mari_vmendez@hotmail.com','2225126642','\0','2017-06-27 16:56:46','Puebla','Particular','','','ACTIVO'),(87,'Daniel ','Barron','','9.leinad@gmail.com','5543737285','\0','2017-06-27 20:17:25','CDMX','Particular','','','ACTIVO'),(88,'Liz','Tamayo','Rivera','tamayo@uaeh.edu.mx','7711000715','\0','2017-06-27 22:21:17','Pachuca','Particular','','','ACTIVO'),(89,'GERARDO','RAMOS','GARCIA CHANES','gchanes@hotmail.com','5540247393','\0','2017-06-28 15:23:11','CD DE MEXICO','Particular','','','ACTIVO'),(90,'Ben','Ingoldsby','','beningoldsby@gmail.com','8120403415','\0','2017-06-28 17:39:45','CDMX','Particular','','','ACTIVO'),(91,'J. Iván ','Mártinez','Vázquez','mv.ivan@gmail.com','5516791719','\0','2017-06-28 20:54:07','Estado de México','Particular','','','ACTIVO'),(92,'Eva Karina ','Juarez','Barbosa','karinaev1@hotmail.Com','2227181534','\0','2017-06-29 16:39:53','Santo Toribio','Particular','','','ACTIVO'),(93,'Patricia','Jimenez','','mpatyjl@hotmail.com','2221611986','\0','2017-06-29 20:13:17','Puebla','Particular','','','ACTIVO'),(94,'Raul','Marquez','','cuentarojo@hotmail.com','5543187033','\0','2017-06-29 20:16:57','Calpulalpan','Particular','','','ACTIVO'),(95,'Laura','Ibarra','Muñoz','merari_ibarra@hotmail.com','5540996546','\0','2017-06-29 22:39:48','CDMX','Particular','','','ACTIVO'),(96,'Juan Jose','Bonilla','Hernandez','jbhfenix@gmail.com','5527265902','\0','2017-06-29 23:47:18','Ciudad de Mexico','Requiero transporte','','','ACTIVO'),(97,'Elizabeth','Gomez','','gotiel@gmail.com','2222158273','\0','2017-06-30 00:13:32','Puebla','Particular','','','ACTIVO'),(98,'Wendy Berenice','Juarez','Gonzalez','wendy.berenice@gmail.com','5553114305','\0','2017-06-30 16:16:45','Tlanepantla','Particular','','','ACTIVO'),(99,'Ana Laura ','lopez','Sanabria','sonrics18_@hotmail.com','5554617569','\0','2017-06-30 16:57:25','CDMX','Particular','','','ACTIVO'),(100,'Suli ','Rodriguez','Palacios','suli_amor2@hotmail.com','5565560638','\0','2017-06-30 17:11:50','Ciudad de México','Particular','','','ACTIVO'),(101,'Leticia ','Palafox','Barrios','letita.palafox@gmail.com','7751583714','\0','2017-06-30 17:15:11','Apizaco','Particular','','','ACTIVO'),(102,'Lucy','Chaparro','','lucydecarranza@gmail.com','5585307776','\0','2017-06-30 17:56:59','CDMX','Particular','','','ACTIVO'),(103,'Alexis','Trejo','Ramirez','dykentr7@hotmail.com','2225342135','\0','2017-06-30 19:04:58','Zacatelco','Particular','','','ACTIVO'),(104,'Jocabed','Bastida','Hernandez','jk_bhernandez@hotmail.com','5534661236','\0','2017-06-30 19:32:06','Irapuato','Particular','','','ACTIVO'),(105,'Julio Ubaldo','Moran','Sanchez','jubaldomoran@gmail.com','2225689070','\0','2017-06-30 21:48:52','Puebla','Particular','','','ACTIVO'),(106,'Adriana','Romero','','adri14r@hotmail.com','5515059266','\0','2017-06-30 21:55:44','CDMX','Particular','','','ACTIVO'),(107,'Lluvia ','Gamboa','','ilsis_12live.com.mx','5561058230','\0','2017-06-30 22:39:15','CDMX','Particular','','','ACTIVO'),(108,'Tomas ','Nuñez','','alemap_ca@hotmail.com','2221740266','\0','2017-06-30 22:53:17','Puebla','Particular','','','ACTIVO'),(109,'Francisca Ofelia','Gomez','Colin','ragbde.onibas82@gmail.com','5554152504','\0','2017-07-01 00:58:02','CDMX','Particular','','','ACTIVO'),(110,'America','Valle','Lopez','natali_valle@hotmail.com','5516012564','\0','2017-07-01 01:11:24','CDMX','Particular','','','ACTIVO'),(111,'Yolanda ','Espino','','yolesvel21@hotmail.com','4421430606','\0','2017-07-01 17:21:31','Queretaro','Particular','','','ACTIVO'),(112,'Ana Eliza ','Pérez','Bolaños','anae_edpb@hotmail.com','5512957076','\0','2017-07-01 21:04:26','Mexico ','Particular','','','ACTIVO'),(113,'Maria De Los Angeles','Garcia ','Velasco','angie.velasco79@yahoo.com.mx','5512270800','\0','2017-07-01 23:04:23','DF','Requiero transporte','','','ACTIVO'),(114,'Jenny Laura','Ramirez','Lozada','jennylaura84@hotmail.com','2461047470','\0','2017-07-01 23:18:54','Tlaxcala','Particular','','','ACTIVO'),(115,'Yucef','Hadad','Contreras','mirella_g@hotmail.com','5519317307','\0','2017-07-01 23:28:58','DF','Particular','','','ACTIVO'),(116,'Rodolfo','Salvador','','rodolfo.salvador@sandick.com','3336674439','\0','2017-07-01 23:33:04','Pachuca','Particular','','','ACTIVO'),(117,'Veronica ','Hernandez','','verucha301@hotmail.com','5517342592','\0','2017-07-01 23:58:05','EDOMEXICO','Particular','','','ACTIVO'),(118,'Gerardo ','Diaz ','Hurtado','gdiazhurtado@gmail.com','5535007284','\0','2017-07-02 00:10:02','DF','Particular','','','ACTIVO'),(119,'Renata G.','López ','Cenantos','renuarenoir@gmail.com','019512506447','\0','2017-07-02 00:59:15','Oaxaca','Particular','','','ACTIVO'),(120,'Lourdes ','Venado','','venado-31@hotmail.com','5951040682','\0','2017-07-02 17:08:33','Texcoco','Particular','','','ACTIVO'),(121,'Gustavo','Perez','Sanchez','gsanchez2704@hotmail.com','2221278611','\0','2017-07-02 19:54:01','Puebla','Particular','','','ACTIVO'),(122,'Arely','Mejia','','arely_mejia10@hotmail.com','2225637181','\0','2017-07-03 17:35:13','Puebla','Particular','','','ACTIVO'),(123,'Clara','Isassi','','rancholasoledad.nanacamilpa@gmail.com','6565555686','\0','2017-07-03 18:02:47','CD. juarez','Particular','','','ACTIVO'),(124,'Luz del Carmen','Vazquez','Yañez','luvaytravel@gmail.com','2281185621','\0','2017-07-03 19:54:58','Xalapa','Particular','','','ACTIVO'),(125,'Adriana','Hernandez','','adri_hluna@hotmail.com','2461316803','\0','2017-07-03 21:16:57','Tlaxcala','Particular','','','ACTIVO'),(126,'lynda','espinosa','','lynda_cruise@hotmail.com','5526931950','\0','2017-07-04 04:36:26','ciudad de mexico','Particular','','','ACTIVO'),(127,'Isamara ','Trujillo','','itrujillo@sigma-alimentos.com','5518408847','\0','2017-07-04 17:24:44','CDMX','Particular','','','ACTIVO'),(128,'Yazmin ','Hilerio','Lucas','yazminhl9725@gmail.com','5539931172','\0','2017-07-04 18:58:17','Edo de Mex.','Requiero transporte','','','ACTIVO'),(129,'Rodrigo','Jiménez','Uribe','pldodo@yahoo.com.mx','5530443608','\0','2017-07-05 02:51:22','Ciudad de México','Particular','','','ACTIVO'),(130,'Marcelo','Enriquez','','marcelotl.113@gmail.com','5523299769','\0','2017-07-05 14:36:00','Cuaula','Particular','','','ACTIVO'),(131,'Nestor ','Valadez','','n.valadez@ircep.gob.mx','2227822319','\0','2017-07-05 19:48:21','Puebla','Particular','','','ACTIVO'),(132,'Marina ','Jimenez','','marina.26dic@hotmail.com','5525645301','\0','2017-07-05 20:26:57','Estado de Mexico','Particular','','','ACTIVO'),(133,'Alberto','Segoviano','',' brendassenav@hotmail.com','5539650628','\0','2017-07-06 18:08:38','CDMX','Particular','','','ACTIVO'),(134,'Yabin','Vazquez ','Sanchez','yabinvazsan@outlook.com','2411190788','\0','2017-07-06 19:39:07','Apizaco','Requiero transporte','','','ACTIVO'),(135,'ANDRES','ORTEGA','DEL CAMPO','andresortegac@yahoo.com.mx','4422661378','\0','2017-07-06 20:21:31','QUERETARO','Particular','','','ACTIVO'),(136,'Javier ','Hernández','Baldomero','jbaldome@yahoo.com.mx','5540434350','\0','2017-07-06 22:18:58','Ixtapaluca','Particular','','','ACTIVO'),(137,'Angel','Arteaga','Jimenez','momecayo@gmail.com','5542544411','\0','2017-07-07 04:09:04','Estado de Mexico','Particular','','','ACTIVO'),(138,'Galilea','Guerra ','Corona','galguerra525@gmail.com','2226575837','\0','2017-07-07 15:13:54','Puebla','Particular','','','ACTIVO'),(139,'Ruben','Baez','','nebur223@hotmail.com','5540528683','\0','2017-07-07 15:25:23','CDMX','Particular','','','ACTIVO'),(140,'Arturo','Hernandez','','anaicela2011@gmail.com','2761008503','\0','2017-07-07 16:40:45','Cuapiaxtla','Particular','','','ACTIVO'),(141,'Oscar','Marquez','','omarquez@eog.mx','5534844667','\0','2017-07-07 17:36:10','Edo. Mexico','Particular','','','ACTIVO'),(142,'Carlos Arturo','Platas','Laguna','kizcho@hotmail.com','5545006270','\0','2017-07-07 18:50:13','CDMX','Particular','','','ACTIVO'),(143,'Ignacio ','Tenorio','Peña','itp31@hotmail.com','2225319952','\0','2017-07-07 19:30:54','Puebla','Particular','','','ACTIVO'),(144,'Soraya','Reyes','','soraya.reyes@upaep.mx','2228630662','\0','2017-07-07 20:29:56','Puebla','Particular','','','ACTIVO'),(145,'Seven Stars Travel and Tours','','','contacto.sevenstars@gmail.com','5543581870','\0','2017-07-07 22:02:34','CDMX','Particular','','','ACTIVO'),(146,'Graciela','Perez','Blanco','cocolisachanel@gmail.com','2225985723','\0','2017-07-08 15:45:13','Puebla','Particular','','','ACTIVO'),(147,'Rodrigo','Jimenez','','pldodo@yahoo.com.mx','5530443609','\0','2017-07-08 18:06:36','CDMX','Particular','','','ACTIVO'),(148,'Ferederico ','Montero','','rancholasoledad.nanacamilpa@gmail.com','5533344105','\0','2017-07-08 19:50:15','Toluca','Particular','','','ACTIVO'),(149,'Magdalena ','Juárez','','macgdita@gmail.com','2224842807','\0','2017-07-09 15:31:11','Puebla ','Particular','','','ACTIVO'),(150,'Maria de la Luz ','Medina','','lusmimed05@gmail.com','5546955258','\0','2017-07-10 15:08:58','Atenco','Particular','','','ACTIVO'),(151,'Patricia ','Monroy','','patricia_monroy_santana@hotmail.com','7227090182','\0','2017-07-10 16:03:33','Toluca','Particular','','','ACTIVO'),(152,'Anubis','Bravo','','anubatar8181@hotmai.com','5513917466','\0','2017-07-10 16:45:10','CDMX','Requiero transporte','','','ACTIVO'),(153,'Favio Francisco','Morales','Godínez','faviofmg@gmail.com','4422848944','\0','2017-07-10 17:57:49','Querétaro','Particular','','','ACTIVO'),(154,'Oscar Abel','López','Islas','olopez@cjef.gob.mx','5518000460','\0','2017-07-10 18:16:13','Estado de México','Particular','','','ACTIVO'),(155,'SONIA','RODRIGUEZ','AVILES','sonyavi_28@hotmail.com','5543560351','\0','2017-07-11 00:19:25','CIUDAD DE MEX','Particular','','','ACTIVO'),(156,'Monica','de Leon','','monica.deleonoa@gmail.com','2222605411','\0','2017-07-11 15:48:36','Puebla ','Particular','','','ACTIVO'),(157,'Leticia','Limón','Gómez','gabyloam@gmail.com','4421434739','\0','2017-07-11 15:51:51','Querétaro','Particular','','','ACTIVO'),(158,'Paulina','Perez','Chico','osbournemason@hotmail.com','2223900064','\0','2017-07-11 17:18:30','Puebla','Particular','','','ACTIVO'),(159,'Jorge Alfredo','Leon ','Rangel','joralf21@hotmail.com','5530493150','\0','2017-07-11 19:30:27','CDMX','Particular','','','ACTIVO'),(160,'Cesar','Baez','Mendez','tepeyololcoce@gmail.com','2411176511','\0','2017-07-11 20:21:39','Tlaxcala','Particular','','','ACTIVO'),(161,'Mariana','Benitez','Perez','rancholasoledad.nanacamilpa@gmail.com','5526755608','\0','2017-07-12 00:54:48','CDMX','Particular','','','ACTIVO'),(162,'Saul','Cuaxilo','Minor','rancholasoledad.nanacamilpa@gmail.com','2461042202','\0','2017-07-12 14:31:00','Tlaxcala','Particular','','','ACTIVO'),(163,'Transportes Turísticos y de Arrendamiento Cervantes SAS de CV','','','rancholasoledad.nanacamilpa@gmail.com','5518563358','\0','2017-07-12 15:04:09','CDMX','Particular','','','ACTIVO'),(164,'Diana','Flores','','floresdiana512@gmail.com','5527058315','\0','2017-07-12 18:17:10','Estado de Mexico','Particular','','','ACTIVO'),(165,'Daniela','Restrepo','Castrillón','drpo_182@hotmail.com','5542527898','\0','2017-07-12 18:39:21','Ciudad de Mexico','Requiero transporte','','','ACTIVO'),(166,'Carlos','Quinonez','Carlos','quinonez.carlos2@gmail.com','2223584610','\0','2017-07-12 20:23:19','Puebla','Particular','','','ACTIVO'),(167,'CINTHIA','HERNANDEZ','RODRIGUEZ','thixi.allie@gmail.com','5523403518','\0','2017-07-12 22:00:53','ESTADO DE MEXICO','Particular','','','ACTIVO'),(168,'Manuel Alejandro','Alquicira','Torres','autm850402@hotmail.com','5523063746','\0','2017-07-13 14:28:55','CDMX','Particular','','','ACTIVO'),(169,'Gerardo','Orozco','','turissteandoando@gmail.com','5511373524','\0','2017-07-13 15:49:31','CDMX','Particular','','','ACTIVO'),(170,'Michelle','Elias','','kuxtal_ventas@hotmail.com','5543648746','\0','2017-07-13 16:20:54','CDMX','Particular','','','ACTIVO'),(171,'Jorge ','Flores','','ifcpjorge@hotmail.com','9511572300','\0','2017-07-13 16:27:48','Oaxaca','Particular','','','ACTIVO'),(172,'Alfredo','Garcia','','alfredgad@gmail.com','2221152423al','\0','2017-07-13 19:39:12','puebla','Particular','','','ACTIVO'),(173,'Dra. Maria Antonieta','Montiel','','rancholasoledad.nanacamilpa@gmail.com','2414205193','\0','2017-07-13 23:59:27','APIZACO','Particular','','','ACTIVO'),(174,'Estefanya','Meneses','','estefymes@gmail.com','5555076903','\0','2017-07-14 15:47:46','CDMX','Particular','','','ACTIVO'),(175,'Maria Gema','Ruiz','Garcia','rancholasoledad.nanacamilpa@gmail.com','2224847778','\0','2017-07-14 16:28:25','Puebla','Particular','','','ACTIVO'),(176,'Jhose','Delgado','','delgado_jhose8508@outlook.com','5543207225','\0','2017-07-14 18:17:50','CDMX','Particular','','','ACTIVO'),(177,'Yazmin Paola','Pérez','Herrera','yazpaoperez08@gmail.com','5545130690','\0','2017-07-14 19:58:56','CDMX','Particular','','','ACTIVO'),(178,'Diana Gabriela ','Jiménez ','Díaz ','dianis_123@outlook.com','2414102119','\0','2017-07-14 21:23:15','Tlaxcala','Particular','','','ACTIVO'),(179,'Rodrigo ','Aguillon','Lozada','rodrigo.aguillon@mt.com','5539939611','\0','2017-07-14 21:32:29','cdmx','Particular','','','ACTIVO'),(180,'Alejandra','Hernadez','','alejandrahdez_@hotmail.com','5536665798','\0','2017-07-15 01:45:31','CDMX','Particular','','','ACTIVO'),(181,'Cuauhtemoc ','Castillo ','','rancholasoledad.nanacamilpa@gmail.com','5539668699','\0','2017-07-15 19:36:37','Ciudad, México ','Particular','','','ACTIVO'),(182,'Elisei','Agencia ','Traveler 365','traveler365@icloud.com','2225190539','\0','2017-07-16 14:59:51','Puebla','Particular','','','ACTIVO'),(183,'María Apolonia ','Avendaño ','Flores','maria.aa1894@gmail.com','2411452314','\0','2017-07-16 19:44:04','Tlaxcala ','Particular','','','ACTIVO'),(184,'Diana Iran','Lopez','Perez','lacuca_25@hotmail.com','7711247303.','\0','2017-07-17 15:30:43','Pachuca','Particular','','','ACTIVO'),(185,'Francisco','Desales','Lara','fdl_710306@hotmail.com','7222618875','\0','2017-07-17 19:00:22','Toluca','Particular','','','ACTIVO'),(186,'Erika','Mendez','Ortega','erikaortegadg@gmail.com','7772335632','\0','2017-07-17 21:27:16','Pachuca','Particular','','','ACTIVO'),(187,'Jacqueline ','Hernández   ','Martínez   ','mono_777@live.com.mx','5528625885','\0','2017-07-17 21:49:33','Estado de México','Particular','','','ACTIVO'),(188,'Abigail ','Guzmán ','Reyes','rancholasoledad.nanacamilpa@gmail.com','2464699970','\0','2017-07-18 00:20:22','Tlaxcala','Particular','','','ACTIVO'),(189,'Valeria','Rivera','Delgado','ridv93@hotmail.com','2471005676','\0','2017-07-18 01:52:58','Tlaxcala','Particular','','','ACTIVO'),(190,'Luis Enrique','Osorio','Cordero','l.c.l.a.tao@gmail.com','2411354312','\0','2017-07-18 16:14:48','Tlaxco ','Particular','','','ACTIVO'),(191,'Irene','Vega','Gutierres','irene_vega_g@hotmail.com','7751559500','\0','2017-07-18 17:13:18','Pachuca','Particular','','','ACTIVO'),(192,'Gloria','Cabrera','Bautista','morita3naranjita@hotmail.com','7712958685','\0','2017-07-18 18:52:56','Pachuca','Requiero transporte','','','ACTIVO'),(193,'Maira','Gallardo','Celio','comprascoyo5@gmail.com','5585495303','\0','2017-07-18 19:25:35','Edo. Mexico','Particular','','','ACTIVO'),(194,'Ricardo ','Hernández','Ortiz','ximena.xerrano@gmail.com','5541430309','\0','2017-07-19 00:40:48','Queretaro','Particular','','','ACTIVO'),(195,'AGENCIA DE VIAJES TOURQUETZAL ','(Nancy Díaz)','','rancholasoledad.nanacamilpa@gmail.com','5527654139','\0','2017-07-19 20:10:02','CDMX','Particular','','','ACTIVO'),(196,'Jair','Serrano','',' jair.rkt@gmail.com','2411471449','\0','2017-07-19 21:28:34','Apizaco','Requiero transporte','','','ACTIVO'),(197,'Maria Dolores','Monroy','','madoma03@yahoo.com.mx','5559666530','\0','2017-07-19 23:40:42','CDMX','Particular','','','ACTIVO'),(198,'Andrea Carolina ','Méndez','Martinez','andreamartinezcrim@gmail.com','2223816165','\0','2017-07-20 14:32:46','Puebla ','Requiero transporte','','','ACTIVO'),(199,'Elizabeth ','Martínez ','','elimj2000@yahoo.com.mx','5542850190','\0','2017-07-20 17:56:35','Apizaco ','Particular','','','ACTIVO'),(200,'Jorge ','Alarcon','','jorge.al@me.com','5530354336','\0','2017-07-21 02:04:45','cdmx','Particular','','','ACTIVO'),(201,'Angel Alonso','Carrillo ','Perez','blueice_93@hotmail.com','2226650085','\0','2017-07-21 02:35:23','Tlaxcala','Particular','','','ACTIVO'),(202,'Andres','Ambros','Vargas ','a.ambros.vargas@gmail.com','5516038058','\0','2017-07-21 15:21:20','México','Particular','','','ACTIVO'),(203,'Ligia','Hernández','','ligiahdz@hotmail.com','5559658964','\0','2017-07-21 16:25:45','Cd. México','Particular','','','ACTIVO'),(204,'Josafat ','Atonal ','Zarate ','Josatonzar@gmail.com','2225885055','\0','2017-07-21 17:26:13','Puebla','Particular','','','ACTIVO'),(205,'Erika ','Mont','','sepu.009@gmail.com','2411354492','\0','2017-07-21 18:12:03','Apizaco','Particular','','','ACTIVO'),(206,'Carolina','Martinez','','caromflores@hotmail.com','5534696794','\0','2017-07-21 18:55:38','Cd. México','Particular','','','ACTIVO'),(207,'Silvia ','Vázquez','Ortega','svazquez16@hotmail.com','5539542554','\0','2017-07-21 20:26:12','Edo. México','Particular','','','ACTIVO'),(208,'Julio ','Serrano','','jserrano@dvmexicotransporte.com','5516950208','\0','2017-07-21 21:32:06','Cd. México','Particular','','','ACTIVO'),(209,'Claudia Paola','Temoltzin','Guerra','clauff_p.g@hotmail.com','2461261899','\0','2017-07-22 14:25:15','Tlaxcala','Particular','','','ACTIVO'),(210,'Jóse ','Manuel','Morales','rancholasoledad.nanacamilpa@gmail.com','5513382796','\0','2017-07-22 16:52:51','Edo. México','Particular','','','ACTIVO'),(211,'Itzel','Olmedo','','nutriov@gmail.com','2299536380','\0','2017-07-22 17:49:47','Cd. México','Particular','','','ACTIVO'),(212,'Jimena','Jimenez ','','jijise05@gmail.com','5561841417','\0','2017-07-22 18:32:45','Cd. México','Particular','','','ACTIVO'),(213,'Fernando ','Rodrigues','Gonzalez','rancholasoledad.nanacamilpa@gmail.com','5535004348','\0','2017-07-23 16:37:12','EDOMEXICO','Particular','','','ACTIVO'),(214,'Alfonso','Damian','Espinosa','alfonso_damian@hotmail.com','0445512681397','\0','2017-07-23 18:17:36','Estado de Mexico','Particular','','','ACTIVO'),(215,'Maria de Lourdes ','Carrasco','Gonzalez','lulusska@yahoo.com.mx','0445514889978','\0','2017-07-23 18:40:53','Ixtaoaluca','Particular','','','ACTIVO'),(216,'Julio ','Mercado','','Julio.mercado.siemens@gmail.com','5532321524','\0','2017-07-23 19:21:09','Puebla','Particular','','','ACTIVO'),(217,'Angela ','Espíritu ','Reyes','angelitaespiritu2@gmail.com','2721196454','\0','2017-07-24 15:15:27','Orizaba Veracruz ','Particular','','','ACTIVO'),(218,'Martha  Angelica','Romano','Saldaña ','mromano_68@hotmail.com','22234455572','\0','2017-07-24 15:31:58','Puebla ','Particular','','','ACTIVO'),(219,'Daniela ','Dorantes','','danydorantes@gmail.com','5527276479','\0','2017-07-24 17:04:59','Cd. México ','Particular','','','ACTIVO'),(220,'Rosio Janet ','Diaz ','Rojas','ari_dp@hotmail.com','5565015751','\0','2017-07-24 22:45:38','Guanajuato','Particular','','','ACTIVO'),(221,'Moises Abraham  ','Aguas',' Aldana',' a01131533@gmail.com','3314485567','\0','2017-07-25 01:23:48','Guadalajara ','Particular','','','ACTIVO'),(222,'Patricia','Sanchez','Hernandez','patricia_sanch@hotmail.com','2224523865','\0','2017-07-25 17:45:47','Puebla','Particular','','','ACTIVO'),(223,'Angelica','Perez','Meza','gvargas@guya.com.mx','5515221634','\0','2017-07-25 22:04:27','CDMX','Particular','','','ACTIVO'),(224,'Lorena','Lorea','','loreloreadm@gmail.com','5521385041','\0','2017-07-26 00:57:04','CDMX','Requiero transporte','','','ACTIVO'),(225,'Dorit Heike','Igluhn','','rancholasoledad.nanacamilpa@gmail.com','2222786355','\0','2017-07-26 01:09:09','Puebla','Particular','','','ACTIVO'),(226,'José Alberto ','Coronel ','De Lucio','ja.coroneldl@gmail.com','5560900487','\0','2017-07-26 03:16:22','cdmx','Particular','','','ACTIVO'),(227,'Leyla Carolina ','Avalos ','Martinez ','leycavamar@hotmail.com ','993272140','\0','2017-07-26 16:55:06','Tabasco','Particular','','','ACTIVO'),(228,'Eliza ','Vera ','','elizayade.vera@gmail.com','5554571518','\0','2017-07-26 20:10:18','Puebla ','Particular','','','ACTIVO'),(229,'Daniel ','Zitle','','danieldzp@hotmail.com','2224462724','\0','2017-07-26 21:25:43','Puebla','Requiero transporte','','','ACTIVO'),(230,'Santiago Antonio ','Godho ','Ramírez','sa.godho@gmail.com, yaz.cote@gmail.com','5581088383','\0','2017-07-27 02:11:01','cdmx','Particular','','','ACTIVO'),(231,'Felipe','Rodriguez ','Rivera','fapra2103@gmail.com','5510697389','\0','2017-07-27 02:31:59','cdmx','Particular','','','ACTIVO'),(232,'Victor','Viveros ','Soto ','vviveros@ups.com','2226188167','\0','2017-07-27 16:55:37','Puebla','Particular','','','ACTIVO'),(233,'Iveth','Marquéz','Franco','ivethmf@hotmail.com','7712020338','\0','2017-07-27 18:03:29','Pachuca Hidalgo ','Particular','','','ACTIVO'),(234,'Marcela ','Orozco','','marce_orozco1@hotmail.com','4423348930','\0','2017-07-27 19:01:35','Queretaro','Particular','','','ACTIVO'),(235,'Cynthia.','Solis ','','cynthia.borrego.s@gmail.com','2299848126','\0','2017-07-27 19:34:17','Puebla','Particular','','','ACTIVO'),(236,'Leonardo','Luna','Ramirez','lic.edsonibarra92@gmail.com','7498508685','\0','2017-07-27 19:54:59','Calpulalpan','Particular','','','ACTIVO'),(237,'Andrea ','Gonzalez','','andreagogarcia@hotmail.com','4772328174','\0','2017-07-28 14:25:17','Guanajuato ','Particular','','','ACTIVO'),(238,'Fernanda','Diaz','','fergu_diaz@hotmail.com','5523145825','\0','2017-07-28 15:59:52','Edo. Mexico','Particular','','','ACTIVO'),(239,'Fernando','Benavidez','','feferunam@hotmail.com','5532253475','\0','2017-07-28 16:50:10','México','Particular','','','ACTIVO'),(240,'Jorge','Briseño','','joeges@icloud.com','7713957712','\0','2017-07-28 19:17:47','Pachuca','Particular','','','ACTIVO'),(241,'Flor ','Muñoz','','fimh0805@gmail.com','5523184821','\0','2017-07-28 22:03:07','México','Particular','','','ACTIVO'),(242,'Lorena','Flores','Aguila','cmelorenaflores@hotmail.com','22215270782221180915','\0','2017-07-29 01:32:58','Puebla','Particular','','','ACTIVO'),(243,'Eden ','Guzman','','edenguzman21@gmail.com','7712669919','\0','2017-07-30 00:06:20','Pachuca','Particular','','','ACTIVO'),(244,'Paola','Ramirez ','Solis','mut3374@hotmail.com','2228666001','\0','2017-07-30 15:30:43','Puebla','Particular','','','ACTIVO'),(245,'Daniela ','Aguilar ','Ramirez','danielixpurple@gmail.com','2223246271','\0','2017-07-30 19:19:04','Puebla','Particular','','','ACTIVO'),(246,'Susana ','Ortega ','Fernández ','susanaofla@gmail.com','7911051464','\0','2017-07-30 23:07:40','Apan Hidalgo ','Particular','','','ACTIVO'),(247,'Juan Carlos','Monter','Cortez','jcmonterc92@gamail.com','2414100619','\0','2017-07-31 00:39:09','Tlaxco','Particular','','','ACTIVO'),(248,'Jose Antonio','Razo','Garcia','joseantonio.razogarcia@gmail.com','5535764119','\0','2017-07-31 19:14:55','Guanajuato','Particular','','','ACTIVO'),(249,'Miriam Edith','González ','García','nanacamilpa@gmail.com','5535888350','\0','2017-07-31 20:55:40','México','Particular','','','ACTIVO'),(250,'Rodolfo ','Carrillo','','robercp@live.com.mx','6141370336','\0','2017-08-01 00:52:36','CDMX','Particular','','','ACTIVO'),(251,'Dulce Angélica',' Rodríguez ','Villegas','dulangelica@hotmail.com','7351256072','\0','2017-08-01 15:47:45','Cuautla Morelos','Particular','','','ACTIVO'),(252,'Manuel ','Rivas','','m_rivas96@hotmail.com','2221279894','\0','2017-08-01 20:19:30','Cholula Puebla ','Particular','','','ACTIVO'),(253,'Talia','Razo','Romero','rtphaliar@gmail.com','2225983979','\0','2017-08-02 14:58:46','Tlaxcala','Particular','','','ACTIVO'),(254,'Ing. Raúl ','Ortíz','Gómez','raortiz@condumex.com.mx','2224615306','\0','2017-08-02 15:36:22','CDMX','Particular','','','ACTIVO'),(255,'Maria Luisa','Galan','','mariludsvpuebla@gmail.com','2226302154','\0','2017-08-02 17:47:23','Puebla','Particular','','','ACTIVO'),(256,'Carla','Rodriguez','Herrera','carlarod@gmail.com','5538298686','\0','2017-08-02 20:45:42','CDMX','Particular','','','ACTIVO'),(257,'Ana Laura','Aviles','Gomez','dallota@gmail.com','5559463612','\0','2017-08-02 23:11:08','cdmx','Particular','','','ACTIVO'),(258,'Aidee ',' Marron','Lechuga','rancholasoledad.nanacamilpa@gmail.com','2721223963','\0','2017-08-02 23:54:36','Veracruz','Particular','','','ACTIVO'),(259,'Edna Monserrat','Alvarez','','monserrat.alvarezd@gmail.com','5551937828','\0','2017-08-03 00:45:56','CDMX','Particular','','','ACTIVO'),(260,'Andrés','Escarsega','','rancholasoledad.nanacamilpa@gmail.com','2225659569','\0','2017-08-03 14:40:56','Puebla','Particular','','','ACTIVO'),(261,'Teresa','Cuautle','','cubate73@hotmail.com','2222776773','\0','2017-08-03 15:37:11','Puebla','Particular','','','ACTIVO'),(262,'Alexia','Barbosa ','Santillan','alexiabs45@gmail.com','2221896125','\0','2017-08-03 19:31:57','Tlaxcala','Particular','','','ACTIVO'),(263,'Mayra ','Sosa ','González ','rancholasoledad.nanacamilpa@gmail.com','5527623676','\0','2017-08-03 19:51:06','Cd. México','Particular','','','ACTIVO'),(264,'Patricia','Cervantes','','rancholasoledad.nanacamilpa@gmail.com','2221133457','\0','2017-08-03 21:28:01','Puebla','Particular','','','ACTIVO'),(265,'Paola ','Enríquez ','Silverio','rancholasoledad.nanacamilpa@gmail.com','2221756568','\0','2017-08-03 21:49:41','Puebla','Particular','','','ACTIVO'),(266,'Alfonso ','Bernal','','alfonsobernal_03@outlook.com gaby_espino8@hotmail.com','9811637068','\0','2017-08-03 22:39:00','Tlaxcala','Particular','','','ACTIVO'),(267,'Gustavo ','Sandoval ','','correogsk@yahoo.com','5532410556','\0','2017-08-04 15:51:57','Cd. México ','Particular','','','ACTIVO'),(268,'Argelica','Lopez ','Ramos','arge87@hotmail.com','2461116576','\0','2017-08-04 16:15:15','Ocotlan ','Particular','','','ACTIVO'),(269,'Francisco ','Cortes','Castillo ','franciscocortesfc@hotmail.com','5531606099','\0','2017-08-04 16:25:48','Tultepec México ','Particular','','','ACTIVO'),(270,'Sagrario','Covarrubias','','saguitos@gmail.com','5545469359','\0','2017-08-04 21:31:07','Edo. México','Particular','','','ACTIVO'),(271,'Arturo','Hernández ','Herrera','ahernandezh05@gmail.com','8331207862','\0','2017-08-05 15:35:58','Tamaulipas','Particular','','','ACTIVO'),(272,'Jorge','Hagstotz','Liceaga','jorge@parrilladanesa.com.mx','5541806348','\0','2017-08-05 16:31:28','Cd. México','Particular','','','ACTIVO'),(273,'Jorge','Martinez','','laegcj@gmail.com','7491018433','\0','2017-08-05 16:38:18','Calpulalpan','Particular','','','ACTIVO'),(274,'Mario Alberto','Sanchez','','mario.a.lir@gmail.com','5550693169','\0','2017-08-05 18:33:00','cd. México','Particular','','','ACTIVO'),(275,'Blancas ','Sanchéz','','olivasae29@gmail.com','5535230588','\0','2017-08-06 17:39:30','Españita ','Particular','','','ACTIVO'),(276,'Elisa Nohemi','Fierro','Contreras','eli.fierro@hotmail.com','2227649226','\0','2017-08-06 23:54:03','Puebla','Particular','','','ACTIVO'),(277,'Luis Fabian','Garcia ','Cruz','rancholasoledad.nanacamilpa@gmail.com','2224386126','\0','2017-08-07 17:51:28','Puebla','Particular','','','ACTIVO'),(278,'Lorena','Lara','','rancholasoledad.nanacamilpa.com','5522642082','\0','2017-08-08 00:06:11','cdmx','Requiero transporte','','','ACTIVO'),(279,'Yreri','Sanchez','','yreri@hotmail.com','2227503758','\0','2017-08-09 15:57:32','Puebla','Particular','','','ACTIVO'),(280,'Laura Angelica ','Hidalgo','Velazquez','tarikiara3@gmail.com','5530069727','\0','2017-08-10 18:51:02','CDMX','Particular','','','ACTIVO'),(281,'Gustavo ','Lazalde','','santosangeles290@yahoo.com.mx','00000000','\0','2017-08-11 18:17:27','Cd. Mexico','Particular','','','ACTIVO'),(282,'Teresa','Bautista','Santiago','teresabautista2471@gmail.com','5510111925','\0','2017-08-18 15:50:09',' CDMX. ya mandé un correo y no contestaron','Particular','','','ACTIVO');
/*!40000 ALTER TABLE `clien` ENABLE KEYS */;
UNLOCK TABLES;

--
-- Table structure for table `cupos`
--

DROP TABLE IF EXISTS `cupos`;
/*!40101 SET @saved_cs_client     = @@character_set_client */;
/*!40101 SET character_set_client = utf8 */;
CREATE TABLE `cupos` (
  `id_cupos` int(11) NOT NULL AUTO_INCREMENT,
  `fecha` timestamp NULL DEFAULT NULL,
  `maxima` int(11) DEFAULT '250',
  `actual` int(11) DEFAULT '0',
  PRIMARY KEY (`id_cupos`)
) ENGINE=InnoDB AUTO_INCREMENT=93 DEFAULT CHARSET=latin1;
/*!40101 SET character_set_client = @saved_cs_client */;

--
-- Dumping data for table `cupos`
--

LOCK TABLES `cupos` WRITE;
/*!40000 ALTER TABLE `cupos` DISABLE KEYS */;
INSERT INTO `cupos` VALUES (41,'2017-06-24 05:00:00',250,235),(42,'2017-06-25 05:00:00',250,53),(43,'2017-06-30 05:00:00',250,35),(44,'2017-07-08 05:00:00',250,129),(45,'2017-07-12 05:00:00',250,50),(46,'2017-07-19 05:00:00',250,40),(47,'2017-07-22 05:00:00',250,243),(48,'2017-06-26 05:00:00',250,51),(49,'2017-07-29 05:00:00',250,273),(50,'2017-07-07 05:00:00',250,5),(51,'2017-07-02 05:00:00',250,68),(52,'2017-06-17 05:00:00',250,43),(53,'2017-07-01 05:00:00',250,86),(54,'2017-07-15 05:00:00',250,223),(55,'2017-06-21 05:00:00',250,0),(56,'2017-07-23 05:00:00',250,2),(57,'2017-07-24 05:00:00',250,34),(58,'2017-06-23 22:28:55',250,3),(59,'2017-06-29 05:00:00',250,1),(60,'2017-06-16 05:00:00',250,7),(61,'2017-06-18 05:00:00',250,0),(62,'2017-07-16 05:00:00',250,19),(63,'2017-08-06 05:00:00',250,24),(64,'2017-07-21 05:00:00',250,51),(65,'2017-07-09 05:00:00',250,31),(66,'2017-07-06 05:00:00',250,0),(67,'2017-06-22 05:00:00',250,0),(68,'2017-07-20 05:00:00',250,15),(69,'2017-07-25 05:00:00',250,4),(70,'2017-07-26 05:00:00',250,9),(71,'2017-07-27 05:00:00',250,18),(72,'2017-07-28 05:00:00',250,45),(73,'2017-07-30 05:00:00',250,27),(74,'2017-07-17 05:00:00',250,2),(75,'2017-06-28 05:00:00',250,4),(76,'2017-08-05 05:00:00',250,175),(77,'2017-07-05 05:00:00',250,10),(78,'2017-07-03 05:00:00',250,12),(79,'2017-08-12 05:00:00',250,165),(80,'2017-08-13 05:00:00',250,5),(81,'2017-07-14 05:00:00',250,19),(82,'2017-08-04 05:00:00',250,25),(83,'2017-07-18 05:00:00',250,4),(84,'2017-07-11 05:00:00',250,2),(85,'2017-07-10 05:00:00',250,0),(86,'2017-08-03 05:00:00',250,10),(87,'2017-07-31 05:00:00',250,14),(88,'2017-08-01 05:00:00',250,4),(89,'2017-08-02 05:00:00',250,4),(90,'2017-08-09 05:00:00',250,2),(91,'2017-08-10 05:00:00',250,7),(92,'2017-08-08 05:00:00',250,2);
/*!40000 ALTER TABLE `cupos` ENABLE KEYS */;
UNLOCK TABLES;

--
-- Table structure for table `pagos`
--

DROP TABLE IF EXISTS `pagos`;
/*!40101 SET @saved_cs_client     = @@character_set_client */;
/*!40101 SET character_set_client = utf8 */;
CREATE TABLE `pagos` (
  `id_pagos` int(11) NOT NULL AUTO_INCREMENT,
  `folio` int(11) DEFAULT NULL,
  `importe` double DEFAULT '0',
  `tiopo` text,
  `id_usuarios` int(11) DEFAULT NULL,
  `alta_date` timestamp NOT NULL DEFAULT CURRENT_TIMESTAMP,
  PRIMARY KEY (`id_pagos`)
) ENGINE=InnoDB AUTO_INCREMENT=44 DEFAULT CHARSET=latin1;
/*!40101 SET character_set_client = @saved_cs_client */;

--
-- Dumping data for table `pagos`
--

LOCK TABLES `pagos` WRITE;
/*!40000 ALTER TABLE `pagos` DISABLE KEYS */;
INSERT INTO `pagos` VALUES (2,19,320,'Tarjeta de Débito',2,'2017-06-13 17:34:37'),(3,26,960,'Tarjeta de Débito',2,'2017-06-13 17:35:43'),(4,11,1540,'Tarjeta de Débito',2,'2017-06-13 17:37:56'),(5,27,1060,'Tarjeta de Débito',2,'2017-06-13 17:41:06'),(6,28,960,'Tarjeta de Débito',2,'2017-06-13 17:43:24'),(7,31,160,'Tarjeta de Débito',2,'2017-06-13 17:43:45'),(8,33,800,'Tarjeta de Débito',2,'2017-06-13 17:44:52'),(9,35,640,'Tarjeta de Débito',2,'2017-06-13 17:45:54'),(10,36,640,'Tarjeta de Débito',2,'2017-06-13 17:48:43'),(11,37,640,'Tarjeta de Débito',2,'2017-06-13 17:57:46'),(12,38,640,'Tarjeta de Débito',2,'2017-06-13 17:58:47'),(13,39,960,'Tarjeta de Débito',2,'2017-06-13 18:00:12'),(14,47,1920,'Transferencia Electrónica',2,'2017-06-15 17:05:31'),(15,47,1920,'Transferencia Electrónica',2,'2017-06-15 17:35:41'),(18,29,9000,'Transferencia Electrónica',2,'2017-06-16 15:09:23'),(19,53,960,'Transferencia Electrónica',2,'2017-06-16 16:54:37'),(20,14,800,'Transferencia Electrónica',2,'2017-06-16 17:00:20'),(21,15,400,'Transferencia Electrónica',2,'2017-06-16 17:01:30'),(22,16,800,'Transferencia Electrónica',2,'2017-06-16 17:02:21'),(23,30,640,'Transferencia Electrónica',2,'2017-06-16 17:07:41'),(24,40,1920,'Transferencia Electrónica',2,'2017-06-16 17:12:27'),(25,46,320,'Transferencia Electrónica',2,'2017-06-16 17:15:22'),(26,49,4320,'Transferencia Electrónica',2,'2017-06-16 18:32:22'),(27,54,2080,'Transferencia Electrónica',2,'2017-06-16 20:24:20'),(28,58,320,'Efectivo',2,'2017-06-18 15:28:04'),(29,57,320,'Efectivo',2,'2017-06-18 15:28:29'),(30,52,1920,'Efectivo',2,'2017-06-18 15:29:05'),(31,29,17240,'Transferencia Electrónica',2,'2017-06-23 00:57:13'),(32,60,1000,'Transferencia Electrónica',2,'2017-06-25 18:47:30'),(33,105,800,'Transferencia Electrónica',2,'2017-07-02 00:39:14'),(34,144,320,'Transferencia Electrónica',2,'2017-07-08 22:45:01'),(35,152,2880,'Efectivo',2,'2017-07-08 22:46:07'),(36,163,2400,'Transferencia Electrónica',2,'2017-07-11 20:55:56'),(37,163,2400,'Transferencia Electrónica',2,'2017-07-11 20:57:31'),(38,158,960,'Transferencia Electrónica',2,'2017-07-12 20:38:37'),(39,155,350,'Transferencia Electrónica',2,'2017-07-12 20:39:04'),(40,135,960,'Transferencia Electrónica',2,'2017-07-12 21:51:45'),(41,190,-1,'Tarjeta de Débito',2,'2017-07-16 21:15:20'),(42,190,960,'Transferencia Electrónica',2,'2017-07-16 21:16:37'),(43,211,480,'Transferencia Electrónica',2,'2017-07-21 02:06:24');
/*!40000 ALTER TABLE `pagos` ENABLE KEYS */;
UNLOCK TABLES;

--
-- Table structure for table `paquetes`
--

DROP TABLE IF EXISTS `paquetes`;
/*!40101 SET @saved_cs_client     = @@character_set_client */;
/*!40101 SET character_set_client = utf8 */;
CREATE TABLE `paquetes` (
  `id_paquete` int(11) NOT NULL AUTO_INCREMENT,
  `costo` double DEFAULT '0',
  `descripcion` text,
  `status` varchar(10) DEFAULT 'PENDIENTE',
  `alta_date` timestamp NOT NULL DEFAULT CURRENT_TIMESTAMP,
  PRIMARY KEY (`id_paquete`)
) ENGINE=InnoDB AUTO_INCREMENT=6 DEFAULT CHARSET=latin1;
/*!40101 SET character_set_client = @saved_cs_client */;

--
-- Dumping data for table `paquetes`
--

LOCK TABLES `paquetes` WRITE;
/*!40000 ALTER TABLE `paquetes` DISABLE KEYS */;
INSERT INTO `paquetes` VALUES (1,160,'PAQUETE 1. NOCHE DE LUCIÉRNAGAS','VIGENTE','2017-04-30 18:10:47'),(2,320,'PAQUETE 2 NOCHE DE LUCIÉRNAGAS Y CENA TÍPICA','VIGENTE','2017-04-30 18:10:47'),(3,480,'PAQUETE 3 NOCHE DE LUCIÉRNAGAS Y CAMPAMENTO','VIGENTE','2017-04-30 18:10:47'),(4,100,'PAQUETE 4 RECORRIDO DE NATURALEZA Y FAUNA','VIGENTE','2017-04-30 18:10:47'),(5,100,'PAQUETE 5 RECORRIDO DE MAGUEYERO','VIGENTE','2017-04-30 18:10:47');
/*!40000 ALTER TABLE `paquetes` ENABLE KEYS */;
UNLOCK TABLES;

--
-- Table structure for table `reserva`
--

DROP TABLE IF EXISTS `reserva`;
/*!40101 SET @saved_cs_client     = @@character_set_client */;
/*!40101 SET character_set_client = utf8 */;
CREATE TABLE `reserva` (
  `id_reserva` int(11) NOT NULL AUTO_INCREMENT,
  `id_client` int(11) DEFAULT NULL,
  `id_paquete` int(11) DEFAULT NULL,
  `folio` int(11) DEFAULT '0',
  `desayuno` int(11) DEFAULT '0',
  `adultos` int(11) DEFAULT '0',
  `ninos0a5` int(11) DEFAULT '0',
  `ninos6a12` int(11) DEFAULT '0',
  `visit_date` timestamp NOT NULL,
  `alta_date` timestamp NOT NULL DEFAULT CURRENT_TIMESTAMP,
  `vence_date` timestamp NULL DEFAULT NULL,
  `casa` text,
  `pasajes` int(11) DEFAULT '0',
  `observaciones` text,
  `status` varchar(10) DEFAULT 'PENDIENTE',
  PRIMARY KEY (`id_reserva`),
  KEY `id_client` (`id_client`),
  CONSTRAINT `reserva_ibfk_1` FOREIGN KEY (`id_client`) REFERENCES `clien` (`id_client`) ON DELETE NO ACTION ON UPDATE NO ACTION
) ENGINE=InnoDB AUTO_INCREMENT=335 DEFAULT CHARSET=latin1;
/*!40101 SET character_set_client = @saved_cs_client */;

--
-- Dumping data for table `reserva`
--

LOCK TABLES `reserva` WRITE;
/*!40000 ALTER TABLE `reserva` DISABLE KEYS */;
INSERT INTO `reserva` VALUES (7,13,1,2,-1,30,0,0,'2017-06-25 05:00:00','2017-06-10 16:16:24','2017-06-24 05:00:00','false',0,NULL,'PENDIENTE'),(8,13,5,2,-1,30,0,0,'2017-06-25 05:00:00','2017-06-10 16:16:24','2017-06-24 05:00:00','false',0,NULL,'PENDIENTE'),(9,13,1,3,-1,30,0,0,'2017-06-30 05:00:00','2017-06-10 16:23:32','2017-06-29 05:00:00','false',0,NULL,'PENDIENTE'),(10,13,5,3,-1,30,0,0,'2017-06-30 05:00:00','2017-06-10 16:23:32','2017-06-29 05:00:00','false',0,NULL,'PENDIENTE'),(11,14,2,4,-1,40,0,0,'2017-07-08 05:00:00','2017-06-10 16:28:10','2017-07-07 05:00:00','false',0,NULL,'Cancelado'),(12,14,5,4,-1,40,0,0,'2017-07-08 05:00:00','2017-06-10 16:28:10','2017-07-07 05:00:00','false',0,NULL,'Cancelado'),(13,13,1,1,-1,30,0,0,'2017-06-24 05:00:00','2017-06-10 16:39:10','2017-06-23 05:00:00','false',0,NULL,'Cancelado'),(14,13,5,1,-1,30,0,0,'2017-06-24 05:00:00','2017-06-10 16:39:10','2017-06-23 05:00:00','false',0,NULL,'Cancelado'),(15,14,2,5,-1,40,0,0,'2017-07-12 05:00:00','2017-06-10 16:55:13','2017-07-11 05:00:00','false',0,NULL,'PENDIENTE'),(16,14,5,5,-1,40,0,0,'2017-07-12 05:00:00','2017-06-10 16:55:13','2017-07-11 05:00:00','false',0,NULL,'PENDIENTE'),(17,14,2,6,-1,40,0,0,'2017-07-19 05:00:00','2017-06-10 16:56:53','2017-07-18 05:00:00','false',0,NULL,'PENDIENTE'),(18,14,5,6,-1,40,0,0,'2017-07-19 05:00:00','2017-06-10 16:56:53','2017-07-18 05:00:00','false',0,NULL,'PENDIENTE'),(19,14,2,7,-1,40,0,0,'2017-07-22 05:00:00','2017-06-10 16:59:15','2017-07-21 05:00:00','false',0,NULL,'PENDIENTE'),(20,14,5,7,-1,40,0,0,'2017-07-22 05:00:00','2017-06-10 16:59:15','2017-07-21 05:00:00','false',0,NULL,'PENDIENTE'),(21,14,2,8,-1,40,0,0,'2017-06-26 05:00:00','2017-06-10 17:02:40','2017-06-25 05:00:00','false',0,NULL,'Cancelado'),(22,14,5,8,-1,40,0,0,'2017-06-26 05:00:00','2017-06-10 17:02:40','2017-06-25 05:00:00','false',0,NULL,'Cancelado'),(23,14,2,9,-1,40,0,0,'2017-07-29 05:00:00','2017-06-10 17:04:16','2017-07-28 05:00:00','false',0,NULL,'PENDIENTE'),(24,14,5,9,-1,40,0,0,'2017-07-29 05:00:00','2017-06-10 17:04:16','2017-07-28 05:00:00','false',0,NULL,'PENDIENTE'),(25,15,3,10,9,3,0,0,'2017-07-07 05:00:00','2017-06-10 17:29:23','2017-07-06 05:00:00','false',0,NULL,'PENDIENTE'),(27,17,2,13,-1,47,0,0,'2017-07-02 05:00:00','2017-06-10 17:48:01','2017-07-01 05:00:00','false',0,NULL,'PENDIENTE'),(28,18,1,11,-1,7,0,0,'2017-07-09 05:00:00','2017-06-10 18:04:29','2017-07-08 05:00:00','true',0,NULL,'Pagado'),(29,19,1,14,-1,5,0,0,'2017-06-17 05:00:00','2017-06-10 18:13:06','2017-06-16 05:00:00','false',0,NULL,'Pagado'),(30,20,2,15,-1,2,0,1,'2017-07-22 05:00:00','2017-06-10 18:17:03','2017-07-21 05:00:00','false',0,NULL,'PENDIENTE'),(31,21,1,16,-1,5,0,0,'2017-06-17 05:00:00','2017-06-10 18:33:29','2017-06-16 05:00:00','false',0,NULL,'Pagado'),(32,22,1,17,-1,2,0,1,'2017-07-01 05:00:00','2017-06-10 18:41:01','2017-06-30 05:00:00','false',0,NULL,'PENDIENTE'),(33,23,1,18,-1,2,0,0,'2017-07-01 05:00:00','2017-06-10 18:42:48','2017-06-30 05:00:00','false',0,NULL,'PENDIENTE'),(34,24,1,20,-1,2,0,0,'2017-07-15 05:00:00','2017-06-10 18:45:00','2017-07-14 05:00:00','false',0,NULL,'PENDIENTE'),(35,25,1,19,-1,2,0,0,'2017-07-01 05:00:00','2017-06-10 18:46:45','2017-06-30 05:00:00','false',0,NULL,'Pagado'),(36,26,1,21,-1,40,0,0,'2017-06-24 05:00:00','2017-06-10 19:06:37','2017-06-23 05:00:00','false',0,NULL,'PENDIENTE'),(37,27,1,22,-1,20,2,0,'2017-07-15 05:00:00','2017-06-10 19:25:38','2017-07-14 05:00:00','false',0,NULL,'PENDIENTE'),(38,28,1,23,-1,2,1,0,'2017-07-15 05:00:00','2017-06-10 19:33:09','2017-07-14 05:00:00','false',0,NULL,'PENDIENTE'),(39,29,1,24,-1,4,0,0,'2017-07-29 05:00:00','2017-06-10 19:39:50','2017-07-28 05:00:00','false',0,NULL,'PENDIENTE'),(40,30,1,25,-1,5,2,3,'2017-07-21 05:00:00','2017-06-10 19:43:02','2017-07-20 05:00:00','false',0,NULL,'Cancelado'),(41,31,3,26,9,2,0,0,'2017-07-22 05:00:00','2017-06-10 19:46:42','2017-07-21 05:00:00','false',0,NULL,'Pagado'),(42,32,3,27,9,2,0,0,'2017-06-26 05:00:00','2017-06-10 19:49:42','2017-06-25 05:00:00','false',0,NULL,'Pagado'),(43,33,1,28,-1,6,0,0,'2017-07-08 05:00:00','2017-06-10 20:00:24','2017-07-07 05:00:00','false',0,NULL,'Pagado'),(44,11,2,29,-1,89,0,0,'2017-06-24 05:00:00','2017-06-10 20:02:36','2017-06-23 05:00:00','false',0,NULL,'Pagado'),(45,12,2,30,-1,3,0,0,'2017-07-15 05:00:00','2017-06-10 20:03:52','2017-07-14 05:00:00','false',0,NULL,'PENDIENTE'),(46,33,1,31,-1,1,0,0,'2017-07-08 05:00:00','2017-06-10 20:07:34','2017-07-07 05:00:00','false',0,NULL,'Pagado'),(47,34,3,32,9,2,0,0,'2017-07-22 05:00:00','2017-06-10 20:09:56','2017-07-21 05:00:00','false',0,NULL,'PENDIENTE'),(48,35,1,33,-1,5,0,0,'2017-06-24 05:00:00','2017-06-10 20:17:39','2017-06-23 05:00:00','false',0,NULL,'Pagado'),(49,36,2,34,-1,2,0,0,'2017-06-24 05:00:00','2017-06-10 20:20:19','2017-06-23 05:00:00','false',0,NULL,'PENDIENTE'),(50,37,2,35,-1,2,0,0,'2017-07-22 05:00:00','2017-06-10 20:21:58','2017-07-21 05:00:00','false',0,NULL,'Pagado'),(51,38,2,36,-1,2,0,0,'2017-07-22 05:00:00','2017-06-10 20:23:37','2017-07-21 05:00:00','false',0,NULL,'Pagado'),(52,39,2,37,-1,2,0,0,'2017-07-22 05:00:00','2017-06-10 20:25:14','2017-07-21 05:00:00','false',0,NULL,'Pagado'),(53,40,2,38,-1,2,0,0,'2017-07-22 05:00:00','2017-06-10 20:26:53','2017-07-21 05:00:00','false',0,NULL,'Pagado'),(54,41,3,39,9,2,0,0,'2017-07-08 05:00:00','2017-06-10 20:28:33','2017-07-07 05:00:00','false',0,NULL,'Pagado'),(55,42,3,40,9,4,0,0,'2017-06-23 05:00:00','2017-06-10 20:30:42','2017-06-25 05:00:00','false',0,NULL,'Pagado'),(56,43,1,41,-1,7,0,0,'2017-07-08 05:00:00','2017-06-10 20:32:23','2017-07-07 05:00:00','false',0,NULL,'PENDIENTE'),(58,45,3,43,10,2,0,0,'2017-06-17 05:00:00','2017-06-12 19:51:50','2017-06-16 05:00:00','true',0,NULL,'PENDIENTE'),(59,45,5,43,10,2,0,0,'2017-06-17 05:00:00','2017-06-12 19:51:50','2017-06-16 05:00:00','true',0,NULL,'PENDIENTE'),(60,46,2,44,-1,16,0,4,'2017-07-24 05:00:00','2017-06-13 00:12:26','2017-07-23 05:00:00','false',0,NULL,'PENDIENTE'),(61,47,2,45,-1,2,0,0,'2017-07-22 05:00:00','2017-06-13 18:21:36','2017-07-21 05:00:00','false',0,NULL,'PENDIENTE'),(62,47,5,45,-1,2,0,0,'2017-07-22 05:00:00','2017-06-13 18:21:36','2017-07-21 05:00:00','false',0,NULL,'PENDIENTE'),(65,48,2,46,-1,1,0,0,'2017-07-15 05:00:00','2017-06-14 15:25:31','2017-07-14 05:00:00','false',0,NULL,'Pagado'),(66,49,2,47,-1,6,0,0,'2017-07-01 05:00:00','2017-06-14 15:51:03','2017-06-30 05:00:00','false',0,NULL,'Pagado'),(67,50,3,48,9,2,0,0,'2017-06-23 05:00:00','2017-06-14 21:35:08','2017-06-22 05:00:00','false',0,NULL,'PENDIENTE'),(68,51,3,49,9,16,0,4,'2017-07-15 05:00:00','2017-06-15 16:12:49','2017-07-14 05:00:00','true',0,NULL,'PENDIENTE'),(69,52,2,50,-1,3,0,1,'2017-06-27 05:00:00','2017-06-15 16:17:00','2017-06-28 05:00:00','false',0,NULL,'PENDIENTE'),(70,53,2,51,-1,5,1,1,'2017-06-16 05:00:00','2017-06-16 02:23:13','2017-06-15 05:00:00','false',0,NULL,'PENDIENTE'),(71,54,3,52,8,4,0,0,'2017-06-17 05:00:00','2017-06-16 14:28:45','2017-06-16 05:00:00','false',0,NULL,'Pagado'),(72,55,1,53,-1,6,0,0,'2017-06-17 05:00:00','2017-06-16 15:44:14','2017-06-16 05:00:00','false',0,NULL,'Pagado'),(73,56,1,54,-1,16,0,0,'2017-06-17 05:00:00','2017-06-16 17:46:09','2017-06-16 05:00:00','false',0,NULL,'Pagado'),(74,57,2,55,-1,1,0,0,'2017-07-24 05:00:00','2017-06-16 18:30:20','2017-07-23 05:00:00','false',0,NULL,'PENDIENTE'),(75,58,1,56,-1,2,0,0,'2017-06-24 05:00:00','2017-06-17 15:16:42','2017-06-23 05:00:00','false',0,NULL,'PENDIENTE'),(76,59,1,57,-1,2,0,0,'2017-06-17 05:00:00','2017-06-17 20:33:37','2017-06-16 05:00:00','false',0,NULL,'Pagado'),(77,60,1,58,-1,2,0,1,'2017-06-17 05:00:00','2017-06-17 20:54:37','2017-06-16 05:00:00','false',0,NULL,'Pagado'),(78,61,3,59,9,5,0,0,'2017-06-24 05:00:00','2017-06-18 23:45:15','2017-06-23 05:00:00','false',0,NULL,'PENDIENTE'),(79,51,5,60,-1,15,0,4,'2017-07-16 05:00:00','2017-06-19 15:09:13','2017-07-15 05:00:00','false',0,NULL,'PENDIENTE'),(80,62,3,61,10,8,0,0,'2017-06-24 05:00:00','2017-06-19 15:57:59','2017-06-23 05:00:00','false',0,NULL,'PENDIENTE'),(81,55,1,62,-1,1,0,0,'2017-07-08 05:00:00','2017-06-20 17:44:00','2017-07-07 05:00:00','false',0,NULL,'PENDIENTE'),(82,63,2,63,-1,2,0,1,'2017-06-30 05:00:00','2017-06-20 18:19:02','2017-06-29 05:00:00','false',0,NULL,'PENDIENTE'),(83,64,2,64,-1,3,1,0,'2017-07-08 05:00:00','2017-06-21 16:46:07','2017-07-07 05:00:00','false',0,NULL,'PENDIENTE'),(84,65,3,65,-1,2,0,0,'2017-06-24 05:00:00','2017-06-21 19:07:36','2017-06-23 05:00:00','true',2,NULL,'Pendiente'),(85,65,5,65,-1,2,0,0,'2017-06-24 05:00:00','2017-06-21 19:07:36','2017-06-23 05:00:00','true',2,NULL,'Pendiente'),(86,66,3,66,9,4,0,0,'2017-07-22 05:00:00','2017-06-21 20:43:35','2017-07-21 05:00:00','false',0,NULL,'PENDIENTE'),(87,67,1,67,-1,9,0,0,'2017-07-01 05:00:00','2017-06-21 22:01:22','2017-06-30 05:00:00','false',0,NULL,'PENDIENTE'),(88,68,3,68,9,4,0,0,'2017-07-01 05:00:00','2017-06-21 22:23:35','2017-06-30 05:00:00','true',0,NULL,'PENDIENTE'),(89,69,1,69,-1,2,0,0,'2017-06-24 05:00:00','2017-06-22 17:54:54','2017-06-23 05:00:00','false',0,NULL,'PENDIENTE'),(90,56,1,70,-1,41,0,0,'2017-06-24 05:00:00','2017-06-22 18:10:09','2017-06-23 05:00:00','false',0,NULL,'PENDIENTE'),(91,70,3,71,10,5,0,0,'2017-07-15 05:00:00','2017-06-23 01:41:17','2017-07-14 05:00:00','false',0,NULL,'PENDIENTE'),(92,70,5,71,10,5,0,0,'2017-07-15 05:00:00','2017-06-23 01:41:17','2017-07-14 05:00:00','false',0,NULL,'PENDIENTE'),(93,71,2,72,-1,3,0,0,'2017-06-25 05:00:00','2017-06-23 15:45:11','2017-06-24 05:00:00','false',0,NULL,'PENDIENTE'),(94,72,1,73,-1,2,0,0,'2017-06-23 05:00:00','2017-06-23 16:43:01','2017-06-22 05:00:00','false',0,NULL,'PENDIENTE'),(95,73,1,74,-1,2,0,0,'2017-06-23 05:00:00','2017-06-23 16:48:35','2017-06-22 05:00:00','false',0,NULL,'PENDIENTE'),(96,74,1,75,-1,2,0,0,'2017-06-24 05:00:00','2017-06-23 17:14:33','2017-06-23 05:00:00','false',2,NULL,'PENDIENTE'),(97,75,1,76,-1,3,2,0,'2017-06-26 05:00:00','2017-06-23 18:51:48','2017-06-25 05:00:00','false',0,NULL,'PENDIENTE'),(98,76,2,77,-1,4,0,2,'2017-07-15 05:00:00','2017-06-23 18:58:30','2017-07-14 05:00:00','false',0,NULL,'PENDIENTE'),(99,77,2,78,-1,2,0,0,'2017-07-01 05:00:00','2017-06-23 19:13:16','2017-06-30 05:00:00','false',0,NULL,'PENDIENTE'),(100,67,1,79,-1,2,0,0,'2017-07-01 05:00:00','2017-06-24 17:57:51','2017-06-30 05:00:00','false',0,NULL,'PENDIENTE'),(101,78,1,80,-1,18,0,2,'2017-06-25 05:00:00','2017-06-24 18:08:02','2017-06-24 05:00:00','false',0,NULL,'PENDIENTE'),(102,79,1,81,-1,2,0,1,'2017-06-24 05:00:00','2017-06-24 20:01:31','2017-06-23 05:00:00','false',0,NULL,'PENDIENTE'),(103,80,1,82,-1,2,0,0,'2017-06-24 05:00:00','2017-06-24 21:29:23','2017-06-23 05:00:00','false',0,NULL,'PENDIENTE'),(104,81,1,83,-1,2,0,0,'2017-06-24 05:00:00','2017-06-24 22:31:59','2017-06-23 05:00:00','false',0,NULL,'PENDIENTE'),(107,75,1,84,-1,4,0,0,'2017-06-26 05:00:00','2017-06-26 15:19:11','2017-06-25 05:00:00','false',0,NULL,'PENDIENTE'),(108,83,3,85,9,2,0,0,'2017-07-29 05:00:00','2017-06-26 15:36:03','2017-07-28 05:00:00','true',0,NULL,'PENDIENTE'),(109,84,2,86,-1,15,0,0,'2017-07-02 05:00:00','2017-06-26 18:13:26','2017-07-01 05:00:00','false',0,NULL,'PENDIENTE'),(110,85,2,87,-1,3,0,1,'2017-07-01 05:00:00','2017-06-27 16:48:50','2017-06-30 05:00:00','false',0,NULL,'PENDIENTE'),(111,86,1,88,-1,7,0,1,'2017-07-21 05:00:00','2017-06-27 16:56:46','2017-07-20 05:00:00','false',0,NULL,'Cancelado'),(112,87,2,89,-1,3,1,0,'2017-07-12 05:00:00','2017-06-27 20:17:25','2017-07-11 05:00:00','false',0,NULL,'PENDIENTE'),(113,88,3,90,10,2,0,0,'2017-07-17 05:00:00','2017-06-27 22:21:17','2017-07-16 05:00:00','false',0,NULL,'PENDIENTE'),(114,89,2,91,-1,2,0,0,'2017-07-01 05:00:00','2017-06-28 15:28:29','2017-06-30 05:00:00','false',0,NULL,'PENDIENTE'),(115,89,5,91,-1,2,0,0,'2017-07-01 05:00:00','2017-06-28 15:28:29','2017-06-30 05:00:00','false',0,NULL,'PENDIENTE'),(116,90,2,92,-1,4,0,0,'2017-06-28 05:00:00','2017-06-28 17:39:45','2017-06-27 05:00:00','false',0,NULL,'PENDIENTE'),(117,91,2,93,-1,2,0,0,'2017-07-01 05:00:00','2017-06-28 20:54:07','2017-06-30 05:00:00','false',0,NULL,'PENDIENTE'),(118,92,1,94,-1,4,0,0,'2017-07-03 05:00:00','2017-06-29 16:39:53','2017-07-02 05:00:00','false',0,NULL,'PENDIENTE'),(119,93,1,95,-1,4,1,0,'2017-07-08 05:00:00','2017-06-29 20:13:17','2017-07-07 05:00:00','false',0,NULL,'PENDIENTE'),(120,93,5,95,-1,4,1,0,'2017-07-08 05:00:00','2017-06-29 20:13:17','2017-07-07 05:00:00','false',0,NULL,'PENDIENTE'),(121,94,3,96,10,25,0,0,'2017-07-08 05:00:00','2017-06-29 20:16:57','2017-07-07 05:00:00','false',0,NULL,'PENDIENTE'),(122,95,1,97,-1,2,0,0,'2017-07-01 05:00:00','2017-06-29 22:39:48','2017-06-30 05:00:00','false',0,NULL,'PENDIENTE'),(123,95,5,97,-1,2,0,0,'2017-07-01 05:00:00','2017-06-29 22:39:48','2017-06-30 05:00:00','false',0,NULL,'PENDIENTE'),(124,96,1,98,-1,2,0,0,'2017-07-08 05:00:00','2017-06-29 23:47:18','2017-07-07 05:00:00','false',2,NULL,'PENDIENTE'),(125,97,2,99,-1,2,0,0,'2017-07-01 05:00:00','2017-06-30 00:13:32','2017-06-30 05:00:00','false',0,NULL,'PENDIENTE'),(126,98,3,100,10,2,2,0,'2017-08-12 05:00:00','2017-06-30 16:16:45','2017-08-11 05:00:00','false',0,NULL,'PENDIENTE'),(127,99,3,101,10,1,0,1,'2017-08-12 05:00:00','2017-06-30 16:57:25','2017-08-11 05:00:00','true',0,NULL,'PENDIENTE'),(128,100,2,102,-1,2,0,0,'2017-07-05 05:00:00','2017-06-30 17:11:50','2017-07-04 05:00:00','false',0,NULL,'PENDIENTE'),(129,101,1,103,-1,2,0,0,'2017-07-01 05:00:00','2017-06-30 17:15:11','2017-06-30 05:00:00','false',0,NULL,'PENDIENTE'),(130,102,2,104,-1,3,1,1,'2017-08-13 05:00:00','2017-06-30 17:56:59','2017-08-12 05:00:00','false',0,NULL,'PENDIENTE'),(131,103,1,105,-1,5,1,0,'2017-07-02 05:00:00','2017-06-30 19:04:58','2017-07-01 05:00:00','false',0,NULL,'Pagado'),(132,104,2,106,-1,3,0,0,'2017-07-01 05:00:00','2017-06-30 19:32:06','2017-06-30 05:00:00','false',0,NULL,'PENDIENTE'),(133,70,3,107,10,1,0,0,'2017-07-15 05:00:00','2017-06-30 21:33:12','2017-07-14 05:00:00','false',0,NULL,'PENDIENTE'),(134,70,5,107,10,1,0,0,'2017-07-15 05:00:00','2017-06-30 21:33:12','2017-07-14 05:00:00','false',0,NULL,'PENDIENTE'),(135,105,3,108,10,2,0,0,'2017-07-01 05:00:00','2017-06-30 21:48:52','2017-06-30 05:00:00','false',0,NULL,'PENDIENTE'),(136,106,1,109,-1,2,1,1,'2017-06-30 05:00:00','2017-06-30 21:55:44','2017-06-29 05:00:00','false',0,NULL,'PENDIENTE'),(137,107,3,110,10,5,0,0,'2017-07-22 05:00:00','2017-06-30 22:39:15','2017-07-21 05:00:00','false',0,NULL,'PENDIENTE'),(138,107,4,110,10,5,0,0,'2017-07-22 05:00:00','2017-06-30 22:39:15','2017-07-21 05:00:00','false',0,NULL,'PENDIENTE'),(139,108,3,111,10,2,0,0,'2017-06-30 05:00:00','2017-06-30 22:53:17','2017-06-29 05:00:00','false',0,NULL,'PENDIENTE'),(140,109,1,112,-1,8,0,0,'2017-07-01 05:00:00','2017-07-01 00:58:02','2017-06-30 05:00:00','false',0,NULL,'PENDIENTE'),(141,110,1,113,-1,7,0,0,'2017-07-01 05:00:00','2017-07-01 01:11:24','2017-06-30 05:00:00','false',0,NULL,'PENDIENTE'),(142,111,2,114,-1,2,0,0,'2017-07-03 05:00:00','2017-07-01 17:21:31','2017-07-02 05:00:00','false',0,NULL,'PENDIENTE'),(143,112,1,115,-1,4,0,2,'2017-07-08 05:00:00','2017-07-01 21:04:26','2017-07-07 05:00:00','false',0,NULL,'PENDIENTE'),(144,113,2,116,-1,2,0,0,'2017-07-01 05:00:00','2017-07-01 23:04:23','2017-06-30 05:00:00','false',2,NULL,'PENDIENTE'),(145,114,1,117,-1,6,1,0,'2017-07-01 05:00:00','2017-07-01 23:18:54','2017-06-30 05:00:00','false',0,NULL,'PENDIENTE'),(146,115,1,118,-1,2,0,0,'2017-07-01 05:00:00','2017-07-01 23:28:58','2017-06-30 05:00:00','false',0,NULL,'PENDIENTE'),(147,116,1,119,-1,4,0,0,'2017-07-01 05:00:00','2017-07-01 23:33:04','2017-06-30 05:00:00','false',0,NULL,'PENDIENTE'),(148,117,1,120,-1,2,0,1,'2017-07-01 05:00:00','2017-07-01 23:58:05','2017-06-30 05:00:00','false',0,NULL,'PENDIENTE'),(149,118,3,121,11,2,0,0,'2017-07-01 05:00:00','2017-07-02 00:10:02','2017-06-30 05:00:00','true',0,NULL,'PENDIENTE'),(150,119,1,122,-1,2,0,0,'2017-07-01 05:00:00','2017-07-02 00:59:15','2017-06-30 05:00:00','false',0,NULL,'PENDIENTE'),(151,120,2,123,-1,5,0,0,'2017-07-08 05:00:00','2017-07-02 17:08:33','2017-07-07 05:00:00','false',0,NULL,'PENDIENTE'),(152,121,3,124,11,2,0,0,'2017-07-15 05:00:00','2017-07-02 19:54:01','2017-07-14 05:00:00','false',0,NULL,'PENDIENTE'),(153,122,1,125,-1,2,0,0,'2017-07-08 05:00:00','2017-07-03 17:35:13','2017-07-07 05:00:00','false',0,NULL,'PENDIENTE'),(154,123,2,126,-1,2,4,0,'2017-07-03 05:00:00','2017-07-03 18:02:47','2017-07-02 05:00:00','false',0,NULL,'PENDIENTE'),(155,124,2,127,-1,3,0,0,'2017-07-22 05:00:00','2017-07-03 19:54:58','2017-07-21 05:00:00','false',0,NULL,'PENDIENTE'),(156,125,3,128,9,2,0,0,'2017-07-07 05:00:00','2017-07-03 21:16:57','2017-07-06 05:00:00','true',0,NULL,'PENDIENTE'),(157,126,3,129,11,8,0,0,'2017-07-22 05:00:00','2017-07-04 04:36:26','2017-07-21 05:00:00','false',0,NULL,'PENDIENTE'),(158,127,2,130,-1,2,0,0,'2017-07-08 05:00:00','2017-07-04 17:24:45','2017-07-07 05:00:00','false',0,NULL,'PENDIENTE'),(159,54,3,131,10,2,0,0,'2017-07-24 05:00:00','2017-07-04 18:54:03','2017-07-23 05:00:00','false',2,NULL,'PENDIENTE'),(160,128,3,132,9,2,0,0,'2017-07-22 05:00:00','2017-07-04 18:58:18','2017-07-21 05:00:00','false',2,NULL,'PENDIENTE'),(161,129,1,133,-1,2,1,1,'2017-07-15 05:00:00','2017-07-05 02:51:22','2017-07-14 05:00:00','false',0,NULL,'PENDIENTE'),(162,130,2,134,-1,10,0,0,'2017-07-29 05:00:00','2017-07-05 14:36:00','2017-07-28 05:00:00','false',0,NULL,'PENDIENTE'),(163,131,3,135,10,2,0,0,'2017-07-21 05:00:00','2017-07-05 19:48:21','2017-07-20 05:00:00','false',0,NULL,'Pagado'),(164,132,3,136,9,4,0,2,'2017-07-08 05:00:00','2017-07-05 20:26:57','2017-07-07 05:00:00','false',0,NULL,'PENDIENTE'),(165,51,3,137,9,1,0,0,'2017-07-15 05:00:00','2017-07-06 15:55:40','2017-07-14 05:00:00','false',0,NULL,'PENDIENTE'),(166,51,5,137,9,1,0,0,'2017-07-15 05:00:00','2017-07-06 15:55:40','2017-07-14 05:00:00','false',0,NULL,'PENDIENTE'),(167,133,3,138,10,2,0,1,'2017-07-29 05:00:00','2017-07-06 18:08:38','2017-07-28 05:00:00','false',0,NULL,'PENDIENTE'),(168,134,3,139,10,6,0,0,'2017-07-12 05:00:00','2017-07-06 19:39:07','2017-07-11 05:00:00','false',6,NULL,'PENDIENTE'),(169,135,3,140,9,4,0,0,'2017-07-29 05:00:00','2017-07-06 20:21:31','2017-07-28 05:00:00','true',0,NULL,'PENDIENTE'),(170,132,3,141,10,1,0,0,'2017-07-08 05:00:00','2017-07-06 21:18:33','2017-07-07 05:00:00','false',0,NULL,'PENDIENTE'),(171,136,3,142,10,3,0,0,'2017-07-28 05:00:00','2017-07-06 22:18:58','2017-07-27 05:00:00','false',0,NULL,'PENDIENTE'),(172,137,3,143,10,2,2,0,'2017-07-27 05:00:00','2017-07-07 04:09:04','2017-07-26 05:00:00','false',0,NULL,'PENDIENTE'),(173,138,1,144,-1,2,0,0,'2017-07-08 05:00:00','2017-07-07 15:13:54','2017-07-07 05:00:00','false',0,NULL,'Pagado'),(174,139,3,145,9,12,0,0,'2017-07-15 05:00:00','2017-07-07 15:25:23','2017-07-14 05:00:00','false',0,NULL,'PENDIENTE'),(175,140,2,146,-1,2,0,0,'2017-07-11 05:00:00','2017-07-07 16:40:45','2017-07-10 05:00:00','false',0,NULL,'PENDIENTE'),(176,141,1,147,-1,21,0,0,'2017-07-22 05:00:00','2017-07-07 17:36:10','2017-07-21 05:00:00','false',0,NULL,'PENDIENTE'),(177,142,1,148,-1,4,1,1,'2017-07-08 05:00:00','2017-07-07 18:50:13','2017-07-07 05:00:00','false',0,NULL,'PENDIENTE'),(178,143,1,149,-1,10,1,0,'2017-07-09 05:00:00','2017-07-07 19:30:54','2017-07-08 05:00:00','false',0,NULL,'PENDIENTE'),(179,144,2,150,-1,7,0,6,'2017-07-09 05:00:00','2017-07-07 20:29:56','2017-07-08 05:00:00','false',0,NULL,'PENDIENTE'),(180,145,1,151,-1,22,0,0,'2017-07-15 05:00:00','2017-07-07 22:02:34','2017-07-14 05:00:00','false',0,NULL,'PENDIENTE'),(181,146,3,152,10,6,0,0,'2017-07-08 05:00:00','2017-07-08 15:45:13','2017-07-07 05:00:00','false',0,NULL,'Pagado'),(182,147,1,153,-1,4,1,1,'2017-07-15 05:00:00','2017-07-08 18:06:36','2017-07-14 05:00:00','false',0,NULL,'PENDIENTE'),(183,148,2,154,-1,2,0,0,'2017-07-18 05:00:00','2017-07-08 19:50:16','2017-07-17 05:00:00','false',0,NULL,'PENDIENTE'),(184,149,1,155,-1,4,0,0,'2017-07-22 05:00:00','2017-07-09 15:31:11','2017-07-21 05:00:00','false',0,NULL,'PENDIENTE'),(185,137,3,156,10,2,2,0,'2017-07-27 05:00:00','2017-07-09 22:51:57','2017-07-26 05:00:00','false',0,NULL,'PENDIENTE'),(186,150,3,157,9,4,0,0,'2017-07-15 05:00:00','2017-07-10 15:08:58','2017-07-14 05:00:00','false',0,NULL,'PENDIENTE'),(187,151,3,158,9,2,0,0,'2017-07-15 05:00:00','2017-07-10 16:03:33','2017-07-14 05:00:00','false',0,NULL,'Pagado'),(188,152,1,159,-1,2,0,0,'2017-07-15 05:00:00','2017-07-10 16:45:10','2017-07-14 05:00:00','false',2,NULL,'PENDIENTE'),(189,153,2,160,-1,5,0,0,'2017-08-05 05:00:00','2017-07-10 17:57:50','2017-08-04 05:00:00','false',0,NULL,'PENDIENTE'),(190,154,1,161,-1,5,0,0,'2017-07-14 05:00:00','2017-07-10 18:16:13','2017-07-13 05:00:00','false',0,NULL,'PENDIENTE'),(191,155,3,162,9,5,0,0,'2017-07-22 05:00:00','2017-07-11 00:19:25','2017-07-21 05:00:00','false',0,NULL,'PENDIENTE'),(192,155,3,163,10,5,0,0,'2017-07-15 05:00:00','2017-07-11 01:59:31','2017-07-14 05:00:00','false',0,NULL,'Pagado'),(193,156,2,164,-1,4,0,0,'2017-07-22 05:00:00','2017-07-11 15:48:36','2017-07-21 05:00:00','false',0,NULL,'PENDIENTE'),(194,157,1,165,-1,48,0,0,'2017-08-12 05:00:00','2017-07-11 15:51:51','2017-08-11 05:00:00','false',0,NULL,'PENDIENTE'),(195,158,1,166,-1,4,0,0,'2017-07-15 05:00:00','2017-07-11 17:18:30','2017-07-14 05:00:00','false',0,NULL,'PENDIENTE'),(196,159,3,167,9,2,0,0,'2017-07-15 05:00:00','2017-07-11 19:30:27','2017-07-14 05:00:00','false',0,NULL,'PENDIENTE'),(197,160,1,168,-1,4,0,0,'2017-07-15 05:00:00','2017-07-11 20:21:39','2017-07-14 05:00:00','false',0,NULL,'PENDIENTE'),(198,161,1,169,-1,40,1,6,'2017-08-05 05:00:00','2017-07-12 00:54:48','2017-08-04 05:00:00','false',0,NULL,'PENDIENTE'),(199,161,5,169,-1,28,0,0,'2017-08-05 05:00:00','2017-07-12 00:54:48','2017-08-04 05:00:00','false',0,NULL,'PENDIENTE'),(200,162,1,170,-1,4,0,0,'2017-07-15 05:00:00','2017-07-12 14:31:00','2017-07-14 05:00:00','false',0,NULL,'PENDIENTE'),(201,163,1,171,-1,20,0,0,'2017-07-15 05:00:00','2017-07-12 15:04:09','2017-07-14 05:00:00','false',0,NULL,'PENDIENTE'),(202,164,2,172,-1,2,0,1,'2017-07-22 05:00:00','2017-07-12 18:17:10','2017-07-21 05:00:00','false',0,NULL,'PENDIENTE'),(203,165,3,173,9,2,0,0,'2017-07-29 05:00:00','2017-07-12 18:39:21','2017-07-28 05:00:00','true',2,NULL,'PENDIENTE'),(204,166,1,174,-1,7,0,5,'2017-07-20 05:00:00','2017-07-12 20:23:19','2017-07-19 05:00:00','false',0,NULL,'PENDIENTE'),(205,166,1,175,-1,5,0,0,'2017-07-28 05:00:00','2017-07-12 20:28:52','2017-07-27 05:00:00','false',0,NULL,'Cancelado'),(206,166,2,176,-1,5,0,0,'2017-07-28 05:00:00','2017-07-12 20:31:32','2017-07-27 05:00:00','false',0,NULL,'PENDIENTE'),(207,167,3,177,9,4,0,1,'2017-07-15 05:00:00','2017-07-12 22:00:53','2017-07-14 05:00:00','false',0,NULL,'PENDIENTE'),(208,168,3,178,10,6,4,0,'2017-07-22 05:00:00','2017-07-13 14:28:55','2017-07-21 05:00:00','false',0,NULL,'PENDIENTE'),(209,169,1,179,-1,40,0,5,'2017-07-29 05:00:00','2017-07-13 15:49:31','2017-07-28 05:00:00','false',0,NULL,'PENDIENTE'),(210,169,5,179,-1,40,0,5,'2017-07-29 05:00:00','2017-07-13 15:49:31','2017-07-28 05:00:00','false',0,NULL,'PENDIENTE'),(211,170,2,180,-1,29,0,5,'2017-07-15 05:00:00','2017-07-13 16:20:54','2017-07-14 05:00:00','false',0,NULL,'PENDIENTE'),(212,171,3,181,9,2,0,2,'2017-07-14 05:00:00','2017-07-13 16:27:48','2017-07-13 05:00:00','false',0,NULL,'PENDIENTE'),(213,172,1,182,-1,2,0,0,'2017-07-15 05:00:00','2017-07-13 19:39:12','2017-07-14 05:00:00','false',0,NULL,'PENDIENTE'),(214,135,3,183,9,3,0,0,'2017-07-29 05:00:00','2017-07-13 22:37:58','2017-07-28 05:00:00','true',0,NULL,'PENDIENTE'),(215,173,2,184,-1,10,0,0,'2017-07-14 05:00:00','2017-07-13 23:59:28','2017-07-13 05:00:00','false',0,NULL,'PENDIENTE'),(216,174,2,185,-1,2,0,0,'2017-07-15 05:00:00','2017-07-14 15:47:46','2017-07-14 05:00:00','false',0,NULL,'PENDIENTE'),(217,175,1,186,9,1,0,0,'2017-07-15 05:00:00','2017-07-14 16:28:25','2017-07-14 05:00:00','false',0,NULL,'PENDIENTE'),(218,175,3,186,9,4,0,12,'2017-07-15 05:00:00','2017-07-14 16:28:25','2017-07-14 05:00:00','false',0,NULL,'PENDIENTE'),(219,176,1,187,-1,2,0,0,'2017-07-15 05:00:00','2017-07-14 18:17:50','2017-07-14 05:00:00','false',0,NULL,'PENDIENTE'),(220,177,3,188,9,5,0,0,'2017-07-22 05:00:00','2017-07-14 19:58:56','2017-07-21 05:00:00','false',0,NULL,'PENDIENTE'),(221,51,3,189,9,11,0,1,'2017-08-12 05:00:00','2017-07-14 20:29:10','2017-08-11 05:00:00','false',0,NULL,'PENDIENTE'),(222,178,3,190,9,2,0,0,'2017-07-24 05:00:00','2017-07-14 21:23:15','2017-07-23 05:00:00','true',0,NULL,'Pagado'),(223,179,1,191,-1,2,0,0,'2017-07-15 05:00:00','2017-07-14 21:32:29','2017-07-14 05:00:00','false',0,NULL,'PENDIENTE'),(224,180,1,192,-1,2,0,0,'2017-07-15 05:00:00','2017-07-15 01:45:31','2017-07-14 05:00:00','false',0,NULL,'PENDIENTE'),(225,181,3,193,10,2,0,0,'2017-07-22 05:00:00','2017-07-15 19:36:37','2017-07-21 05:00:00','false',0,NULL,'PENDIENTE'),(226,182,2,194,-1,15,0,0,'2017-07-21 05:00:00','2017-07-16 14:59:52','2017-07-20 05:00:00','false',0,NULL,'PENDIENTE'),(227,183,3,195,9,4,0,0,'2017-07-22 05:00:00','2017-07-16 19:44:04','2017-07-21 05:00:00','false',0,NULL,'PENDIENTE'),(228,184,2,196,-1,2,0,1,'2017-07-20 05:00:00','2017-07-17 15:30:43','2017-07-19 05:00:00','false',0,NULL,'PENDIENTE'),(229,185,3,197,9,8,0,1,'2017-07-22 05:00:00','2017-07-17 19:00:22','2017-07-21 05:00:00','false',0,NULL,'PENDIENTE'),(230,128,3,198,9,2,0,0,'2017-07-22 05:00:00','2017-07-17 19:15:16','2017-07-21 05:00:00','false',0,NULL,'PENDIENTE'),(231,186,3,199,9,2,0,1,'2017-07-22 05:00:00','2017-07-17 21:27:16','2017-07-21 05:00:00','false',0,NULL,'PENDIENTE'),(232,187,2,200,-1,2,0,0,'2017-08-04 05:00:00','2017-07-17 21:49:34','2017-08-03 05:00:00','false',0,NULL,'PENDIENTE'),(233,187,5,201,-1,2,0,0,'2017-08-04 05:00:00','2017-07-17 22:42:21','2017-08-03 05:00:00','false',0,NULL,'PENDIENTE'),(234,188,1,202,-1,2,0,0,'2017-07-18 05:00:00','2017-07-18 00:20:22','2017-07-17 05:00:00','false',0,NULL,'PENDIENTE'),(235,189,3,203,9,2,0,0,'2017-07-29 05:00:00','2017-07-18 01:52:58','2017-07-28 05:00:00','false',0,NULL,'PENDIENTE'),(236,191,3,204,9,7,0,2,'2017-07-21 05:00:00','2017-07-18 17:13:18','2017-07-20 05:00:00','false',0,NULL,'PENDIENTE'),(237,192,3,205,9,2,0,2,'2017-07-25 05:00:00','2017-07-18 18:52:56','2017-07-24 05:00:00','false',4,NULL,'PENDIENTE'),(238,193,1,206,-1,5,1,0,'2017-07-29 05:00:00','2017-07-18 19:25:35','2017-07-28 05:00:00','false',0,NULL,'PENDIENTE'),(239,86,1,207,-1,12,2,4,'2017-07-28 05:00:00','2017-07-18 21:44:38','2017-07-27 05:00:00','false',0,NULL,'PENDIENTE'),(240,194,2,208,-1,2,0,0,'2017-07-22 05:00:00','2017-07-19 00:40:48','2017-07-21 05:00:00','false',0,NULL,'PENDIENTE'),(241,195,1,209,-1,29,0,0,'2017-07-22 05:00:00','2017-07-19 20:10:02','2017-07-21 05:00:00','false',0,NULL,'PENDIENTE'),(242,196,3,210,9,2,0,0,'2017-07-22 05:00:00','2017-07-19 21:28:34','2017-07-21 05:00:00','false',2,NULL,'PENDIENTE'),(243,197,1,211,-1,3,0,0,'2017-07-21 05:00:00','2017-07-19 23:40:42','2017-07-20 05:00:00','false',0,NULL,'Pagado'),(244,198,2,212,-1,4,0,0,'2017-08-12 05:00:00','2017-07-20 14:32:46','2017-08-11 05:00:00','false',4,NULL,'PENDIENTE'),(245,199,1,213,-1,4,0,0,'2017-07-22 05:00:00','2017-07-20 17:56:35','2017-07-21 05:00:00','false',0,NULL,'PENDIENTE'),(246,200,1,214,-1,2,0,0,'2017-07-22 05:00:00','2017-07-21 02:04:45','2017-07-21 05:00:00','false',0,NULL,'PENDIENTE'),(247,201,1,215,-1,2,0,0,'2017-07-22 05:00:00','2017-07-21 02:35:23','2017-07-21 05:00:00','false',0,NULL,'PENDIENTE'),(248,202,2,216,-1,4,0,0,'2017-07-22 05:00:00','2017-07-21 15:21:20','2017-07-21 05:00:00','false',0,NULL,'PENDIENTE'),(249,203,1,217,-1,9,0,0,'2017-07-24 05:00:00','2017-07-21 16:25:45','2017-07-23 05:00:00','false',0,NULL,'PENDIENTE'),(250,204,1,218,-1,9,1,1,'2017-07-22 05:00:00','2017-07-21 17:26:13','2017-07-21 05:00:00','false',0,NULL,'PENDIENTE'),(251,205,1,219,-1,4,0,0,'2017-07-21 05:00:00','2017-07-21 18:12:03','2017-07-20 05:00:00','false',0,NULL,'PENDIENTE'),(252,206,2,220,-1,2,0,0,'2017-07-30 05:00:00','2017-07-21 18:55:38','2017-07-29 05:00:00','false',0,NULL,'PENDIENTE'),(253,207,1,221,-1,2,1,0,'2017-08-05 05:00:00','2017-07-21 20:26:12','2017-08-04 05:00:00','false',0,NULL,'PENDIENTE'),(254,208,2,222,-1,18,0,0,'2017-07-22 05:00:00','2017-07-21 21:32:06','2017-07-21 05:00:00','false',0,NULL,'PENDIENTE'),(255,209,1,223,-1,7,0,2,'2017-07-22 05:00:00','2017-07-22 14:25:15','2017-07-21 05:00:00','false',0,NULL,'PENDIENTE'),(256,210,1,224,-1,2,0,0,'2017-07-22 05:00:00','2017-07-22 16:52:51','2017-07-21 05:00:00','false',0,NULL,'PENDIENTE'),(257,211,1,225,-1,5,0,0,'2017-07-22 05:00:00','2017-07-22 17:49:47','2017-07-21 05:00:00','false',0,NULL,'PENDIENTE'),(258,212,1,226,-1,3,1,0,'2017-07-22 05:00:00','2017-07-22 18:32:45','2017-07-21 05:00:00','false',0,NULL,'PENDIENTE'),(259,213,3,227,10,10,0,0,'2017-08-03 05:00:00','2017-07-23 16:37:12','2017-08-02 05:00:00','false',0,NULL,'PENDIENTE'),(260,214,2,228,-1,4,1,0,'2017-07-27 05:00:00','2017-07-23 18:17:36','2017-07-26 05:00:00','false',0,NULL,'PENDIENTE'),(261,215,2,229,-1,4,1,0,'2017-07-26 05:00:00','2017-07-23 18:40:53','2017-07-25 05:00:00','false',0,NULL,'PENDIENTE'),(262,216,1,230,-1,2,0,0,'2017-07-23 05:00:00','2017-07-23 19:21:09','2017-07-22 05:00:00','false',0,NULL,'PENDIENTE'),(263,217,1,231,-1,37,0,3,'2017-07-29 05:00:00','2017-07-24 15:15:28','2017-07-28 05:00:00','false',0,NULL,'PENDIENTE'),(264,218,3,232,11,2,0,0,'2017-07-29 05:00:00','2017-07-24 15:31:58','2017-07-28 05:00:00','false',0,NULL,'PENDIENTE'),(265,219,2,233,-1,8,0,0,'2017-07-05 05:00:00','2017-07-24 17:04:59','2017-07-04 05:00:00','false',0,NULL,'PENDIENTE'),(266,220,3,234,9,8,0,0,'2017-07-29 05:00:00','2017-07-24 22:45:38','2017-07-28 05:00:00','false',0,NULL,'PENDIENTE'),(267,221,3,235,10,2,0,0,'2017-07-29 05:00:00','2017-07-25 01:23:48','2017-07-28 05:00:00','false',0,NULL,'PENDIENTE'),(268,222,1,236,-1,3,0,0,'2017-07-28 05:00:00','2017-07-25 17:45:47','2017-07-27 05:00:00','false',0,NULL,'PENDIENTE'),(269,223,1,237,-1,4,0,0,'2017-07-29 05:00:00','2017-07-25 22:04:27','2017-07-28 05:00:00','false',0,NULL,'PENDIENTE'),(270,224,1,238,-1,6,0,0,'2017-07-29 05:00:00','2017-07-26 00:57:04','2017-07-28 05:00:00','false',6,NULL,'PENDIENTE'),(271,225,1,239,-1,4,0,0,'2017-07-26 05:00:00','2017-07-26 01:09:09','2017-07-25 05:00:00','false',0,NULL,'PENDIENTE'),(272,226,1,240,-1,4,0,0,'2017-07-29 05:00:00','2017-07-26 03:16:22','2017-07-28 05:00:00','false',0,NULL,'PENDIENTE'),(273,227,2,241,-1,11,0,0,'2017-07-28 05:00:00','2017-07-26 16:55:07','2017-07-27 05:00:00','false',0,NULL,'PENDIENTE'),(274,228,1,242,-1,4,0,0,'2017-07-29 05:00:00','2017-07-26 20:10:18','2017-07-28 05:00:00','false',0,NULL,'PENDIENTE'),(275,229,3,243,9,2,0,0,'2017-07-27 05:00:00','2017-07-26 21:25:43','2017-07-26 05:00:00','false',2,NULL,'PENDIENTE'),(276,230,2,244,-1,2,0,2,'2017-07-31 05:00:00','2017-07-27 02:11:01','2017-07-30 05:00:00','false',0,NULL,'PENDIENTE'),(277,230,5,244,-1,2,0,2,'2017-07-31 05:00:00','2017-07-27 02:11:01','2017-07-30 05:00:00','false',0,NULL,'PENDIENTE'),(278,231,1,245,-1,2,0,0,'2017-07-29 05:00:00','2017-07-27 02:31:59','2017-07-28 05:00:00','false',0,NULL,'PENDIENTE'),(279,232,1,246,-1,2,1,0,'2017-07-30 05:00:00','2017-07-27 16:55:37','2017-07-29 05:00:00','false',0,NULL,'PENDIENTE'),(280,233,2,247,-1,9,0,0,'2017-08-06 05:00:00','2017-07-27 18:03:29','2017-08-05 05:00:00','false',0,NULL,'PENDIENTE'),(281,234,3,248,10,2,0,2,'2017-07-30 05:00:00','2017-07-27 19:01:35','2017-07-29 05:00:00','false',0,NULL,'PENDIENTE'),(282,235,1,249,-1,3,0,0,'2017-07-27 05:00:00','2017-07-27 19:34:17','2017-07-26 05:00:00','false',0,NULL,'PENDIENTE'),(283,236,1,250,-1,19,1,8,'2017-07-29 05:00:00','2017-07-27 19:54:59','2017-07-28 05:00:00','false',0,NULL,'PENDIENTE'),(284,237,1,251,-1,4,0,0,'2017-07-29 05:00:00','2017-07-28 14:25:17','2017-07-28 05:00:00','false',0,NULL,'PENDIENTE'),(285,238,1,252,-1,4,0,0,'2017-08-01 05:00:00','2017-07-28 15:59:52','2017-07-31 05:00:00','false',0,NULL,'PENDIENTE'),(286,239,1,253,-1,4,0,0,'2017-07-30 05:00:00','2017-07-28 16:50:10','2017-07-29 05:00:00','false',0,NULL,'PENDIENTE'),(287,195,1,254,-1,39,0,0,'2017-07-29 05:00:00','2017-07-28 17:40:21','2017-07-28 05:00:00','false',0,NULL,'PENDIENTE'),(288,240,3,255,10,9,0,0,'2017-07-29 05:00:00','2017-07-28 19:17:47','2017-07-28 05:00:00','false',0,NULL,'PENDIENTE'),(289,241,3,256,10,3,1,1,'2017-07-30 05:00:00','2017-07-28 22:03:07','2017-07-29 05:00:00','false',0,NULL,'PENDIENTE'),(290,242,1,257,-1,5,0,0,'2017-07-30 05:00:00','2017-07-29 01:32:58','2017-07-29 05:00:00','false',0,NULL,'PENDIENTE'),(291,145,1,258,-1,15,0,0,'2017-08-05 05:00:00','2017-07-29 17:30:05','2017-08-04 05:00:00','false',0,NULL,'PENDIENTE'),(292,243,1,259,-1,4,0,2,'2017-07-31 05:00:00','2017-07-30 00:06:20','2017-07-30 05:00:00','false',0,NULL,'PENDIENTE'),(293,244,1,260,-1,3,0,1,'2017-07-30 05:00:00','2017-07-30 15:30:43','2017-07-29 05:00:00','false',0,NULL,'PENDIENTE'),(294,245,3,261,9,6,0,1,'2017-08-05 05:00:00','2017-07-30 19:19:04','2017-08-04 05:00:00','false',0,NULL,'PENDIENTE'),(295,246,3,262,9,6,0,0,'2017-08-05 05:00:00','2017-07-30 23:07:40','2017-08-04 05:00:00','false',0,NULL,'PENDIENTE'),(296,247,2,263,-1,4,0,0,'2017-07-31 05:00:00','2017-07-31 00:39:09','2017-07-30 05:00:00','false',0,NULL,'PENDIENTE'),(297,248,1,264,-1,6,0,1,'2017-08-05 05:00:00','2017-07-31 19:14:56','2017-08-04 05:00:00','false',0,NULL,'PENDIENTE'),(298,51,3,265,9,11,0,1,'2017-08-12 05:00:00','2017-07-31 20:36:53','2017-08-11 05:00:00','false',0,NULL,'PENDIENTE'),(299,249,1,266,-1,4,0,2,'2017-08-05 05:00:00','2017-07-31 20:55:40','2017-08-04 05:00:00','false',0,NULL,'PENDIENTE'),(300,250,1,267,-1,4,0,0,'2017-08-05 05:00:00','2017-08-01 00:52:36','2017-08-04 05:00:00','false',0,NULL,'PENDIENTE'),(301,251,3,268,9,2,1,1,'2017-08-02 05:00:00','2017-08-01 15:47:45','2017-08-01 05:00:00','false',0,NULL,'PENDIENTE'),(302,252,1,269,-1,8,0,0,'2017-08-04 05:00:00','2017-08-01 20:19:30','2017-08-03 05:00:00','false',0,NULL,'PENDIENTE'),(303,253,1,270,-1,11,0,0,'2017-08-05 05:00:00','2017-08-02 14:58:46','2017-08-04 05:00:00','false',0,NULL,'PENDIENTE'),(304,254,1,271,-1,8,0,0,'2017-08-05 05:00:00','2017-08-02 15:36:22','2017-08-04 05:00:00','false',0,NULL,'PENDIENTE'),(305,195,1,272,-1,13,0,0,'2017-08-05 05:00:00','2017-08-02 17:15:09','2017-08-04 05:00:00','false',0,NULL,'PENDIENTE'),(306,255,1,273,-1,10,0,2,'2017-08-05 05:00:00','2017-08-02 17:47:23','2017-08-04 05:00:00','false',0,NULL,'PENDIENTE'),(307,256,1,274,-1,5,0,0,'2017-08-05 05:00:00','2017-08-02 20:45:42','2017-08-04 05:00:00','false',0,NULL,'PENDIENTE'),(308,257,1,275,-1,3,0,0,'2017-08-12 05:00:00','2017-08-02 23:11:09','2017-08-11 05:00:00','false',0,NULL,'PENDIENTE'),(309,258,1,276,-1,3,0,1,'2017-08-05 05:00:00','2017-08-02 23:54:36','2017-08-04 05:00:00','false',0,NULL,'PENDIENTE'),(310,259,1,277,-1,2,0,0,'2017-08-05 05:00:00','2017-08-03 00:45:56','2017-08-04 05:00:00','false',0,NULL,'PENDIENTE'),(311,260,2,278,-1,2,0,0,'2017-08-05 05:00:00','2017-08-03 14:40:56','2017-08-04 05:00:00','false',0,NULL,'PENDIENTE'),(312,261,1,279,-1,2,0,0,'2017-08-04 05:00:00','2017-08-03 15:37:11','2017-08-03 05:00:00','false',0,NULL,'PENDIENTE'),(313,262,3,280,9,2,0,0,'2017-08-04 05:00:00','2017-08-03 19:31:57','2017-08-03 05:00:00','false',0,NULL,'PENDIENTE'),(314,263,1,281,-1,6,1,1,'2017-08-12 05:00:00','2017-08-03 19:51:06','2017-08-11 05:00:00','false',0,NULL,'PENDIENTE'),(315,264,1,282,-1,6,0,1,'2017-08-04 05:00:00','2017-08-03 21:28:01','2017-08-03 05:00:00','false',0,NULL,'PENDIENTE'),(316,265,1,283,-1,4,0,0,'2017-08-05 05:00:00','2017-08-03 21:49:41','2017-08-04 05:00:00','false',0,NULL,'PENDIENTE'),(317,266,1,284,-1,8,0,0,'2017-08-06 05:00:00','2017-08-03 22:39:00','2017-08-05 05:00:00','false',0,NULL,'PENDIENTE'),(318,267,3,285,11,2,0,0,'2017-08-04 05:00:00','2017-08-04 15:51:57','2017-08-03 05:00:00','false',0,NULL,'PENDIENTE'),(319,268,1,286,-1,7,0,1,'2017-08-05 05:00:00','2017-08-04 16:15:15','2017-08-04 05:00:00','false',0,NULL,'PENDIENTE'),(320,269,3,287,9,2,0,0,'2017-08-09 05:00:00','2017-08-04 16:25:48','2017-08-08 05:00:00','false',0,NULL,'PENDIENTE'),(321,270,1,288,-1,2,0,0,'2017-08-04 05:00:00','2017-08-04 21:31:07','2017-08-03 05:00:00','false',0,NULL,'PENDIENTE'),(322,271,1,289,-1,2,0,0,'2017-08-05 05:00:00','2017-08-05 15:35:59','2017-08-04 05:00:00','false',0,NULL,'PENDIENTE'),(323,272,3,290,9,3,0,0,'2017-08-12 05:00:00','2017-08-05 16:31:28','2017-08-11 05:00:00','false',0,NULL,'PENDIENTE'),(324,273,1,291,-1,2,0,0,'2017-08-05 05:00:00','2017-08-05 16:38:18','2017-08-04 05:00:00','false',0,NULL,'PENDIENTE'),(325,274,1,292,-1,2,0,0,'2017-08-05 05:00:00','2017-08-05 18:33:00','2017-08-04 05:00:00','false',0,NULL,'PENDIENTE'),(326,275,1,293,-1,7,0,0,'2017-08-06 05:00:00','2017-08-06 17:39:30','2017-08-05 05:00:00','false',0,NULL,'PENDIENTE'),(327,276,2,294,-1,2,0,0,'2017-08-10 05:00:00','2017-08-06 23:54:03','2017-08-09 05:00:00','false',0,NULL,'PENDIENTE'),(328,222,1,295,-1,5,0,0,'2017-08-10 05:00:00','2017-08-07 19:36:53','2017-08-09 05:00:00','false',0,NULL,'PENDIENTE'),(329,278,1,296,-1,2,0,0,'2017-08-08 05:00:00','2017-08-08 00:06:11','2017-08-07 05:00:00','false',2,NULL,'PENDIENTE'),(330,279,2,297,-1,14,0,3,'2017-08-12 05:00:00','2017-08-09 15:57:32','2017-08-11 05:00:00','false',0,NULL,'PENDIENTE'),(331,280,3,298,10,4,0,1,'2017-08-12 05:00:00','2017-08-10 18:51:02','2017-08-11 05:00:00','false',0,NULL,'PENDIENTE'),(332,195,1,299,-1,31,0,0,'2017-08-12 05:00:00','2017-08-11 17:53:27','2017-08-11 05:00:00','false',0,NULL,'PENDIENTE'),(333,281,1,300,-1,6,0,0,'2017-08-12 05:00:00','2017-08-11 18:17:27','2017-08-11 05:00:00','false',0,NULL,'PENDIENTE'),(334,195,1,301,-1,10,0,0,'2017-08-12 05:00:00','2017-08-11 20:15:39','2017-08-11 05:00:00','false',0,NULL,'PENDIENTE');
/*!40000 ALTER TABLE `reserva` ENABLE KEYS */;
UNLOCK TABLES;

--
-- Table structure for table `usuarios`
--

DROP TABLE IF EXISTS `usuarios`;
/*!40101 SET @saved_cs_client     = @@character_set_client */;
/*!40101 SET character_set_client = utf8 */;
CREATE TABLE `usuarios` (
  `id_usuarios` int(11) NOT NULL AUTO_INCREMENT,
  `nobre` text,
  `login` text,
  `password` text,
  `tipo` int(11) DEFAULT '3',
  PRIMARY KEY (`id_usuarios`)
) ENGINE=InnoDB AUTO_INCREMENT=6 DEFAULT CHARSET=latin1;
/*!40101 SET character_set_client = @saved_cs_client */;

--
-- Dumping data for table `usuarios`
--

LOCK TABLES `usuarios` WRITE;
/*!40000 ALTER TABLE `usuarios` DISABLE KEYS */;
INSERT INTO `usuarios` VALUES (1,'Emanuel','emanuel','emanuel',3),(2,'Antonio','antonio','antonio',3),(3,'Magdalena','magdalena','magdalena',3),(4,'Paz','paz','paz',3),(5,'Felix','fdiaz','misisc45422916',3);
/*!40000 ALTER TABLE `usuarios` ENABLE KEYS */;
UNLOCK TABLES;
/*!40103 SET TIME_ZONE=@OLD_TIME_ZONE */;

/*!40101 SET SQL_MODE=@OLD_SQL_MODE */;
/*!40014 SET FOREIGN_KEY_CHECKS=@OLD_FOREIGN_KEY_CHECKS */;
/*!40014 SET UNIQUE_CHECKS=@OLD_UNIQUE_CHECKS */;
/*!40101 SET CHARACTER_SET_CLIENT=@OLD_CHARACTER_SET_CLIENT */;
/*!40101 SET CHARACTER_SET_RESULTS=@OLD_CHARACTER_SET_RESULTS */;
/*!40101 SET COLLATION_CONNECTION=@OLD_COLLATION_CONNECTION */;
/*!40111 SET SQL_NOTES=@OLD_SQL_NOTES */;

-- Dump completed on 2018-09-28 11:18:00
